,index,year,url_year,gazette_links
0,0,2010,http://kenyalaw.org/kenya_gazette/gazette/year/2010,http://kenyalaw.org/kenya_gazette/gazette/volume/Mjg0/Vol. CXII - No. 135/
1,0,2010,http://kenyalaw.org/kenya_gazette/gazette/year/2010,http://kenyalaw.org/kenya_gazette/gazette/volume/Mjc0/Vol. CXII - No. 133/
2,0,2010,http://kenyalaw.org/kenya_gazette/gazette/year/2010,http://kenyalaw.org/kenya_gazette/gazette/volume/Mjcy/Vol. CXII - No. 131/
3,0,2010,http://kenyalaw.org/kenya_gazette/gazette/year/2010,http://kenyalaw.org/kenya_gazette/gazette/volume/Mjcw/Vol. CXII - No. 128/
4,0,2010,http://kenyalaw.org/kenya_gazette/gazette/year/2010,http://kenyalaw.org/kenya_gazette/gazette/volume/MjY5/Vol. CXII - No. 125/
5,0,2010,http://kenyalaw.org/kenya_gazette/gazette/year/2010,http://kenyalaw.org/kenya_gazette/gazette/volume/MjY4/Vol. CXII - No. 123/
6,0,2010,http://kenyalaw.org/kenya_gazette/gazette/year/2010,http://kenyalaw.org/kenya_gazette/gazette/volume/MjY3/Vol. CXII - No. 120/
7,0,2010,http://kenyalaw.org/kenya_gazette/gazette/year/2010,http://kenyalaw.org/kenya_gazette/gazette/volume/MjYx/Vol. CXII - No. 114/
8,0,2010,http://kenyalaw.org/kenya_gazette/gazette/year/2010,http://kenyalaw.org/kenya_gazette/gazette/volume/MjU1/Vol. CXII - No. 108/
9,0,2010,http://kenyalaw.org/kenya_gazette/gazette/year/2010,http://kenyalaw.org/kenya_gazette/gazette/volume/MjU2/Vol. CXII - No. 109/
10,0,2010,http://kenyalaw.org/kenya_gazette/gazette/year/2010,http://kenyalaw.org/kenya_gazette/gazette/volume/MjUy/Vol. CXII - No. 105/
11,0,2010,http://kenyalaw.org/kenya_gazette/gazette/year/2010,http://kenyalaw.org/kenya_gazette/gazette/volume/MjQ4/Vol. CXII - No. 101/
12,0,2010,http://kenyalaw.org/kenya_gazette/gazette/year/2010,http://kenyalaw.org/kenya_gazette/gazette/volume/MjQ1/Vol. CXII - No. 99/
13,0,2010,http://kenyalaw.org/kenya_gazette/gazette/year/2010,http://kenyalaw.org/kenya_gazette/gazette/volume/MjQx/Vol. CXII - No. 95/
14,0,2010,http://kenyalaw.org/kenya_gazette/gazette/year/2010,http://kenyalaw.org/kenya_gazette/gazette/volume/MjM4/Vol. CXII - No. 93/
15,0,2010,http://kenyalaw.org/kenya_gazette/gazette/year/2010,http://kenyalaw.org/kenya_gazette/gazette/volume/MjM2/Vol. CXII - No. 91/
16,0,2010,http://kenyalaw.org/kenya_gazette/gazette/year/2010,http://kenyalaw.org/kenya_gazette/gazette/volume/MjM1/Vol. CXII - No. 90/
17,0,2010,http://kenyalaw.org/kenya_gazette/gazette/year/2010,http://kenyalaw.org/kenya_gazette/gazette/volume/MjMz/Vol. CXII - No. 88/
18,0,2010,http://kenyalaw.org/kenya_gazette/gazette/year/2010,http://kenyalaw.org/kenya_gazette/gazette/volume/MjMx/Vol. CXII - No. 85/
19,0,2010,http://kenyalaw.org/kenya_gazette/gazette/year/2010,http://kenyalaw.org/kenya_gazette/gazette/volume/MjI5/Vol. CXII - No. 83/
20,0,2010,http://kenyalaw.org/kenya_gazette/gazette/year/2010,http://kenyalaw.org/kenya_gazette/gazette/volume/MjI1/Vol. CXII - No. 79/
21,0,2010,http://kenyalaw.org/kenya_gazette/gazette/year/2010,http://kenyalaw.org/kenya_gazette/gazette/volume/MjIz/Vol. CXII - No. 77/
22,0,2010,http://kenyalaw.org/kenya_gazette/gazette/year/2010,http://kenyalaw.org/kenya_gazette/gazette/volume/MjE5/Vol. CXII - No. 73/
23,0,2010,http://kenyalaw.org/kenya_gazette/gazette/year/2010,http://kenyalaw.org/kenya_gazette/gazette/volume/MTk3/Vol. CXII - No. 70/
24,0,2010,http://kenyalaw.org/kenya_gazette/gazette/year/2010,http://kenyalaw.org/kenya_gazette/gazette/volume/MTk4/Vol. CXII - No. 69/
25,0,2010,http://kenyalaw.org/kenya_gazette/gazette/year/2010,http://kenyalaw.org/kenya_gazette/gazette/volume/MTk5/Vol. CXII - No. 67/
26,0,2010,http://kenyalaw.org/kenya_gazette/gazette/year/2010,http://kenyalaw.org/kenya_gazette/gazette/volume/MjAx/Vol. CXII - No. 65/
27,0,2010,http://kenyalaw.org/kenya_gazette/gazette/year/2010,http://kenyalaw.org/kenya_gazette/gazette/volume/MjE2/Vol. CXII - No. 62/
28,0,2010,http://kenyalaw.org/kenya_gazette/gazette/year/2010,http://kenyalaw.org/kenya_gazette/gazette/volume/MjA1/Vol. CXII - No. 61/
29,0,2010,http://kenyalaw.org/kenya_gazette/gazette/year/2010,http://kenyalaw.org/kenya_gazette/gazette/volume/MjA3/Vol. CXII - No. 58/
30,0,2010,http://kenyalaw.org/kenya_gazette/gazette/year/2010,http://kenyalaw.org/kenya_gazette/gazette/volume/MjA4/Vol. CXII - No. 56/
31,0,2010,http://kenyalaw.org/kenya_gazette/gazette/year/2010,http://kenyalaw.org/kenya_gazette/gazette/volume/MjA5/Vol. CXII - No. 55/
32,0,2010,http://kenyalaw.org/kenya_gazette/gazette/year/2010,http://kenyalaw.org/kenya_gazette/gazette/volume/MjEx/Vol. CXII - No. 53/
33,0,2010,http://kenyalaw.org/kenya_gazette/gazette/year/2010,http://kenyalaw.org/kenya_gazette/gazette/volume/MTky/Vol. CXII - No. 49/
34,0,2010,http://kenyalaw.org/kenya_gazette/gazette/year/2010,http://kenyalaw.org/kenya_gazette/gazette/volume/MTg5/Vol. CXII - No. 46/
35,0,2010,http://kenyalaw.org/kenya_gazette/gazette/year/2010,http://kenyalaw.org/kenya_gazette/gazette/volume/MTg3/Vol. CXII - No. 44/
36,0,2010,http://kenyalaw.org/kenya_gazette/gazette/year/2010,http://kenyalaw.org/kenya_gazette/gazette/volume/MjE1/Vol. CXII - No. 40/
37,0,2010,http://kenyalaw.org/kenya_gazette/gazette/year/2010,http://kenyalaw.org/kenya_gazette/gazette/volume/MjE0/Vol. CXII - No. 38/
38,0,2010,http://kenyalaw.org/kenya_gazette/gazette/year/2010,http://kenyalaw.org/kenya_gazette/gazette/volume/Mjc3/Vol. CXII - No. 37/
39,0,2010,http://kenyalaw.org/kenya_gazette/gazette/year/2010,http://kenyalaw.org/kenya_gazette/gazette/volume/MTc4/Vol. CXII - No. 34/
40,0,2010,http://kenyalaw.org/kenya_gazette/gazette/year/2010,http://kenyalaw.org/kenya_gazette/gazette/volume/MTcz/Vol. CXII - No. 30/
41,0,2010,http://kenyalaw.org/kenya_gazette/gazette/year/2010,http://kenyalaw.org/kenya_gazette/gazette/volume/MTcx/Vol. CXII - No. 28/
42,0,2010,http://kenyalaw.org/kenya_gazette/gazette/year/2010,http://kenyalaw.org/kenya_gazette/gazette/volume/MTY4/Vol. CXII - No. 24/
43,0,2010,http://kenyalaw.org/kenya_gazette/gazette/year/2010,http://kenyalaw.org/kenya_gazette/gazette/volume/MTY2/Vol. CXII - No. 22/
44,0,2010,http://kenyalaw.org/kenya_gazette/gazette/year/2010,http://kenyalaw.org/kenya_gazette/gazette/volume/MTY1/Vol. CXII - No. 21/
45,0,2010,http://kenyalaw.org/kenya_gazette/gazette/year/2010,http://kenyalaw.org/kenya_gazette/gazette/volume/MTU5/Vol. CXII - No. 18/
46,0,2010,http://kenyalaw.org/kenya_gazette/gazette/year/2010,http://kenyalaw.org/kenya_gazette/gazette/volume/MTU1/Vol. CXII - No. 15/
47,0,2010,http://kenyalaw.org/kenya_gazette/gazette/year/2010,http://kenyalaw.org/kenya_gazette/gazette/volume/MTU3/Vol. CXII - No. 16/
48,0,2010,http://kenyalaw.org/kenya_gazette/gazette/year/2010,http://kenyalaw.org/kenya_gazette/gazette/volume/MTUz/Vol. CXII - No. 13/
49,0,2010,http://kenyalaw.org/kenya_gazette/gazette/year/2010,http://kenyalaw.org/kenya_gazette/gazette/volume/MTUy/Vol. CXII - No. 12/
50,0,2010,http://kenyalaw.org/kenya_gazette/gazette/year/2010,http://kenyalaw.org/kenya_gazette/gazette/volume/MTUx/Vol. CXII - No. 11/
51,0,2010,http://kenyalaw.org/kenya_gazette/gazette/year/2010,http://kenyalaw.org/kenya_gazette/gazette/volume/MTUw/Vol. CXII - No. 10/
52,0,2010,http://kenyalaw.org/kenya_gazette/gazette/year/2010,http://kenyalaw.org/kenya_gazette/gazette/volume/MTQ4/Vol. CXII - No. 8/
53,0,2010,http://kenyalaw.org/kenya_gazette/gazette/year/2010,http://kenyalaw.org/kenya_gazette/gazette/volume/MTQ1/Vol. CXII - No. 5/
54,0,2010,http://kenyalaw.org/kenya_gazette/gazette/year/2010,http://kenyalaw.org/kenya_gazette/gazette/volume/MTQz/Vol. CXII - No. 3/
55,1,2011,http://kenyalaw.org/kenya_gazette/gazette/year/2011,http://kenyalaw.org/kenya_gazette/gazette/volume/OTQ4/Vol.CXIII-No.128/
56,1,2011,http://kenyalaw.org/kenya_gazette/gazette/year/2011,http://kenyalaw.org/kenya_gazette/gazette/volume/OTk0/Vol.CXIII-No.125/
57,1,2011,http://kenyalaw.org/kenya_gazette/gazette/year/2011,http://kenyalaw.org/kenya_gazette/gazette/volume/OTky/Vol. CXV - No. 123/
58,1,2011,http://kenyalaw.org/kenya_gazette/gazette/year/2011,http://kenyalaw.org/kenya_gazette/gazette/volume/OTk3/Vol.CXIII-No.122/
59,1,2011,http://kenyalaw.org/kenya_gazette/gazette/year/2011,http://kenyalaw.org/kenya_gazette/gazette/volume/OTg5/Vol.CXIII-No.119/
60,1,2011,http://kenyalaw.org/kenya_gazette/gazette/year/2011,http://kenyalaw.org/kenya_gazette/gazette/volume/OTkw/Vol. CXV - No. 120/
61,1,2011,http://kenyalaw.org/kenya_gazette/gazette/year/2011,http://kenyalaw.org/kenya_gazette/gazette/volume/OTg3/Vol.CXIII-No.117/
62,1,2011,http://kenyalaw.org/kenya_gazette/gazette/year/2011,http://kenyalaw.org/kenya_gazette/gazette/volume/OTg1/Vol.CXIII-No.114/
63,1,2011,http://kenyalaw.org/kenya_gazette/gazette/year/2011,http://kenyalaw.org/kenya_gazette/gazette/volume/OTg0/Vol. CXV - No. 113/
64,1,2011,http://kenyalaw.org/kenya_gazette/gazette/year/2011,http://kenyalaw.org/kenya_gazette/gazette/volume/OTgz/Vol.CXIII-No.112/
65,1,2011,http://kenyalaw.org/kenya_gazette/gazette/year/2011,http://kenyalaw.org/kenya_gazette/gazette/volume/OTgy/Vol. CXV - No. 111/
66,1,2011,http://kenyalaw.org/kenya_gazette/gazette/year/2011,http://kenyalaw.org/kenya_gazette/gazette/volume/OTgx/Vol.CXIII-No.110/
67,1,2011,http://kenyalaw.org/kenya_gazette/gazette/year/2011,http://kenyalaw.org/kenya_gazette/gazette/volume/OTgw/Vol. CXV - No. 109/
68,1,2011,http://kenyalaw.org/kenya_gazette/gazette/year/2011,http://kenyalaw.org/kenya_gazette/gazette/volume/OTc5/Vol.CXIII-No.108/
69,1,2011,http://kenyalaw.org/kenya_gazette/gazette/year/2011,http://kenyalaw.org/kenya_gazette/gazette/volume/OTc3/Vol.CXIII-No.106/
70,1,2011,http://kenyalaw.org/kenya_gazette/gazette/year/2011,http://kenyalaw.org/kenya_gazette/gazette/volume/OTc1/Vol.CXIII-No.104/
71,1,2011,http://kenyalaw.org/kenya_gazette/gazette/year/2011,http://kenyalaw.org/kenya_gazette/gazette/volume/OTIy/Vol.CXIII-No.102/
72,1,2011,http://kenyalaw.org/kenya_gazette/gazette/year/2011,http://kenyalaw.org/kenya_gazette/gazette/volume/MTA0Nw--/Vol. CXIII - No. 103/
73,1,2011,http://kenyalaw.org/kenya_gazette/gazette/year/2011,http://kenyalaw.org/kenya_gazette/gazette/volume/MjA3OA--/Vol.CXIII-No.99/
74,1,2011,http://kenyalaw.org/kenya_gazette/gazette/year/2011,http://kenyalaw.org/kenya_gazette/gazette/volume/OTc0/Vol. CXV - No. 101/
75,1,2011,http://kenyalaw.org/kenya_gazette/gazette/year/2011,http://kenyalaw.org/kenya_gazette/gazette/volume/OTcy/Vol.CXIII-No.94/
76,1,2011,http://kenyalaw.org/kenya_gazette/gazette/year/2011,http://kenyalaw.org/kenya_gazette/gazette/volume/OTcx/Vol.CXIII-No.92/
77,1,2011,http://kenyalaw.org/kenya_gazette/gazette/year/2011,http://kenyalaw.org/kenya_gazette/gazette/volume/MTA0NA--/Vol.CXIII-No.90/
78,1,2011,http://kenyalaw.org/kenya_gazette/gazette/year/2011,http://kenyalaw.org/kenya_gazette/gazette/volume/MTA0Mg--/Vol.CXIII-No.87/
79,1,2011,http://kenyalaw.org/kenya_gazette/gazette/year/2011,http://kenyalaw.org/kenya_gazette/gazette/volume/OTU0/Vol.CXIII-No.85/
80,1,2011,http://kenyalaw.org/kenya_gazette/gazette/year/2011,http://kenyalaw.org/kenya_gazette/gazette/volume/OTcw/Vol.CXIII-No.81/
81,1,2011,http://kenyalaw.org/kenya_gazette/gazette/year/2011,http://kenyalaw.org/kenya_gazette/gazette/volume/OTY5/Vol.CXIII-No.79/
82,1,2011,http://kenyalaw.org/kenya_gazette/gazette/year/2011,http://kenyalaw.org/kenya_gazette/gazette/volume/OTY4/Vol.CXIII-No.76/
83,1,2011,http://kenyalaw.org/kenya_gazette/gazette/year/2011,http://kenyalaw.org/kenya_gazette/gazette/volume/OTM2/Vol.CXIII-No.71/
84,1,2011,http://kenyalaw.org/kenya_gazette/gazette/year/2011,http://kenyalaw.org/kenya_gazette/gazette/volume/MTA0MQ--/Vol.CXIII-No.67/
85,1,2011,http://kenyalaw.org/kenya_gazette/gazette/year/2011,http://kenyalaw.org/kenya_gazette/gazette/volume/OTYz/Vol.CXIII-No.63/
86,1,2011,http://kenyalaw.org/kenya_gazette/gazette/year/2011,http://kenyalaw.org/kenya_gazette/gazette/volume/OTYx/Vol.CXIII-No.61/
87,1,2011,http://kenyalaw.org/kenya_gazette/gazette/year/2011,http://kenyalaw.org/kenya_gazette/gazette/volume/OTMz/Vol.CXIII-No.59/
88,1,2011,http://kenyalaw.org/kenya_gazette/gazette/year/2011,http://kenyalaw.org/kenya_gazette/gazette/volume/OTMy/Vol.CXIII-No.57/
89,1,2011,http://kenyalaw.org/kenya_gazette/gazette/year/2011,http://kenyalaw.org/kenya_gazette/gazette/volume/OTMx/Vol.CXIII-No.56/
90,1,2011,http://kenyalaw.org/kenya_gazette/gazette/year/2011,http://kenyalaw.org/kenya_gazette/gazette/volume/OTU4/Vol.CXIII-No.52/
91,1,2011,http://kenyalaw.org/kenya_gazette/gazette/year/2011,http://kenyalaw.org/kenya_gazette/gazette/volume/OTQ5/Vol.CXIII-No.48/
92,1,2011,http://kenyalaw.org/kenya_gazette/gazette/year/2011,http://kenyalaw.org/kenya_gazette/gazette/volume/OTA2/Vol.CXIII-No.47/
93,1,2011,http://kenyalaw.org/kenya_gazette/gazette/year/2011,http://kenyalaw.org/kenya_gazette/gazette/volume/MTA0MA--/Vol.CXIII-No.46/
94,1,2011,http://kenyalaw.org/kenya_gazette/gazette/year/2011,http://kenyalaw.org/kenya_gazette/gazette/volume/OTUw/Vol.CXIII-No.44/
95,1,2011,http://kenyalaw.org/kenya_gazette/gazette/year/2011,http://kenyalaw.org/kenya_gazette/gazette/volume/OTAz/Vol.CXIII-No.41/
96,1,2011,http://kenyalaw.org/kenya_gazette/gazette/year/2011,http://kenyalaw.org/kenya_gazette/gazette/volume/OTAx/Vol.CXIII-No.39/
97,1,2011,http://kenyalaw.org/kenya_gazette/gazette/year/2011,http://kenyalaw.org/kenya_gazette/gazette/volume/MTA0OQ--/Vol.CXIII-No.36/
98,1,2011,http://kenyalaw.org/kenya_gazette/gazette/year/2011,http://kenyalaw.org/kenya_gazette/gazette/volume/MTAzOA--/Vol.CXIII-No.35/
99,1,2011,http://kenyalaw.org/kenya_gazette/gazette/year/2011,http://kenyalaw.org/kenya_gazette/gazette/volume/MTAzNQ--/Vol.CXIII-No.33/
100,1,2011,http://kenyalaw.org/kenya_gazette/gazette/year/2011,http://kenyalaw.org/kenya_gazette/gazette/volume/MTAwOA--/Vol.CXIII-No.30/
101,1,2011,http://kenyalaw.org/kenya_gazette/gazette/year/2011,http://kenyalaw.org/kenya_gazette/gazette/volume/MTAzMA--/Vol.CXIII-No.28/
102,1,2011,http://kenyalaw.org/kenya_gazette/gazette/year/2011,http://kenyalaw.org/kenya_gazette/gazette/volume/OTU2/Vol.CXIII-No.26/
103,1,2011,http://kenyalaw.org/kenya_gazette/gazette/year/2011,http://kenyalaw.org/kenya_gazette/gazette/volume/OTU1/Vol.CXIII-No.24/
104,1,2011,http://kenyalaw.org/kenya_gazette/gazette/year/2011,http://kenyalaw.org/kenya_gazette/gazette/volume/OTI0/Vol.CXIII-No.21/
105,1,2011,http://kenyalaw.org/kenya_gazette/gazette/year/2011,http://kenyalaw.org/kenya_gazette/gazette/volume/MTI1/Vol.CXIII-No.19/
106,1,2011,http://kenyalaw.org/kenya_gazette/gazette/year/2011,http://kenyalaw.org/kenya_gazette/gazette/volume/MTIy/Vol.CXIII-No.16/
107,1,2011,http://kenyalaw.org/kenya_gazette/gazette/year/2011,http://kenyalaw.org/kenya_gazette/gazette/volume/MTIw/Vol.CXIII-No.14/
108,1,2011,http://kenyalaw.org/kenya_gazette/gazette/year/2011,http://kenyalaw.org/kenya_gazette/gazette/volume/MTE4/Vol.CXIII-No.12/
109,1,2011,http://kenyalaw.org/kenya_gazette/gazette/year/2011,http://kenyalaw.org/kenya_gazette/gazette/volume/MTE2/Vol.CXIII-No.10/
110,1,2011,http://kenyalaw.org/kenya_gazette/gazette/year/2011,http://kenyalaw.org/kenya_gazette/gazette/volume/MTE3/Vol. CXIII - No. 11/
111,1,2011,http://kenyalaw.org/kenya_gazette/gazette/year/2011,http://kenyalaw.org/kenya_gazette/gazette/volume/MTEz/Vol.CXIII-No.7/
112,1,2011,http://kenyalaw.org/kenya_gazette/gazette/year/2011,http://kenyalaw.org/kenya_gazette/gazette/volume/OTY-/Vol.CXIII-No.4/
113,1,2011,http://kenyalaw.org/kenya_gazette/gazette/year/2011,http://kenyalaw.org/kenya_gazette/gazette/volume/OTE-/Vol.CXIII-No.1/
114,2,2012,http://kenyalaw.org/kenya_gazette/gazette/year/2012,http://kenyalaw.org/kenya_gazette/gazette/volume/NTI-/Vol.CXIV-No.107/
115,2,2012,http://kenyalaw.org/kenya_gazette/gazette/year/2012,http://kenyalaw.org/kenya_gazette/gazette/volume/NTE-/Vol.CXIV-No.104/
116,2,2012,http://kenyalaw.org/kenya_gazette/gazette/year/2012,http://kenyalaw.org/kenya_gazette/gazette/volume/Njg-/Vol.CXIV-No.102/
117,2,2012,http://kenyalaw.org/kenya_gazette/gazette/year/2012,http://kenyalaw.org/kenya_gazette/gazette/volume/NTA-/Vol.CXIV-No.99/
118,2,2012,http://kenyalaw.org/kenya_gazette/gazette/year/2012,http://kenyalaw.org/kenya_gazette/gazette/volume/NDg-/Vol.CXIV-No.93/
119,2,2012,http://kenyalaw.org/kenya_gazette/gazette/year/2012,http://kenyalaw.org/kenya_gazette/gazette/volume/MTEx/Vol.CXIV-No.92/
120,2,2012,http://kenyalaw.org/kenya_gazette/gazette/year/2012,http://kenyalaw.org/kenya_gazette/gazette/volume/NDQ-/Vol.CXIV-No.84/
121,2,2012,http://kenyalaw.org/kenya_gazette/gazette/year/2012,http://kenyalaw.org/kenya_gazette/gazette/volume/NDM-/Vol.CXIV-No.83/
122,2,2012,http://kenyalaw.org/kenya_gazette/gazette/year/2012,http://kenyalaw.org/kenya_gazette/gazette/volume/NDE-/Vol.CXIV-No.81/
123,2,2012,http://kenyalaw.org/kenya_gazette/gazette/year/2012,http://kenyalaw.org/kenya_gazette/gazette/volume/NDA-/Vol.CXIV-No.78/
124,2,2012,http://kenyalaw.org/kenya_gazette/gazette/year/2012,http://kenyalaw.org/kenya_gazette/gazette/volume/Mzk-/Vol.CXIV-No.76/
125,2,2012,http://kenyalaw.org/kenya_gazette/gazette/year/2012,http://kenyalaw.org/kenya_gazette/gazette/volume/Mzc-/Vol.CXIV-No.75/
126,2,2012,http://kenyalaw.org/kenya_gazette/gazette/year/2012,http://kenyalaw.org/kenya_gazette/gazette/volume/MzY-/Vol.CXIV-No.73/
127,2,2012,http://kenyalaw.org/kenya_gazette/gazette/year/2012,http://kenyalaw.org/kenya_gazette/gazette/volume/MzQ-/Vol.CXIV-No.49/
128,2,2012,http://kenyalaw.org/kenya_gazette/gazette/year/2012,http://kenyalaw.org/kenya_gazette/gazette/volume/MzM-/Vol.CXIV-No.47/
129,2,2012,http://kenyalaw.org/kenya_gazette/gazette/year/2012,http://kenyalaw.org/kenya_gazette/gazette/volume/MzE-/Vol.CXIV-No.42/
130,2,2012,http://kenyalaw.org/kenya_gazette/gazette/year/2012,http://kenyalaw.org/kenya_gazette/gazette/volume/MzA-/Vol.CXIV-No.39/
131,2,2012,http://kenyalaw.org/kenya_gazette/gazette/year/2012,http://kenyalaw.org/kenya_gazette/gazette/volume/MTI3/Vol.CXIV-No.35/
132,2,2012,http://kenyalaw.org/kenya_gazette/gazette/year/2012,http://kenyalaw.org/kenya_gazette/gazette/volume/Mjg-/Vol.CXIV-No.37/
133,2,2012,http://kenyalaw.org/kenya_gazette/gazette/year/2012,http://kenyalaw.org/kenya_gazette/gazette/volume/MjQ-/Vol.CXIV-No.33/
134,2,2012,http://kenyalaw.org/kenya_gazette/gazette/year/2012,http://kenyalaw.org/kenya_gazette/gazette/volume/MjM-/Vol.CXIV-No.31/
135,2,2012,http://kenyalaw.org/kenya_gazette/gazette/year/2012,http://kenyalaw.org/kenya_gazette/gazette/volume/NTM-/Vol.CXIV-No.28/
136,2,2012,http://kenyalaw.org/kenya_gazette/gazette/year/2012,http://kenyalaw.org/kenya_gazette/gazette/volume/MjI-/Vol.CXIV-No.27/
137,2,2012,http://kenyalaw.org/kenya_gazette/gazette/year/2012,http://kenyalaw.org/kenya_gazette/gazette/volume/MjE-/Vol.CXIV-No.25/
138,2,2012,http://kenyalaw.org/kenya_gazette/gazette/year/2012,http://kenyalaw.org/kenya_gazette/gazette/volume/MjA-/Vol.CXIV-No.22/
139,2,2012,http://kenyalaw.org/kenya_gazette/gazette/year/2012,http://kenyalaw.org/kenya_gazette/gazette/volume/ODk-/Vol.CXIV-No.24/
140,2,2012,http://kenyalaw.org/kenya_gazette/gazette/year/2012,http://kenyalaw.org/kenya_gazette/gazette/volume/MTg-/Vol.CXIV-No.20/
141,2,2012,http://kenyalaw.org/kenya_gazette/gazette/year/2012,http://kenyalaw.org/kenya_gazette/gazette/volume/MTU-/Vol.CXIV-No.18/
142,2,2012,http://kenyalaw.org/kenya_gazette/gazette/year/2012,http://kenyalaw.org/kenya_gazette/gazette/volume/ODg-/Vol.CXIV-No.17/
143,2,2012,http://kenyalaw.org/kenya_gazette/gazette/year/2012,http://kenyalaw.org/kenya_gazette/gazette/volume/MTM-/Vol.CXIV-No.15/
144,2,2012,http://kenyalaw.org/kenya_gazette/gazette/year/2012,http://kenyalaw.org/kenya_gazette/gazette/volume/MTE-/Vol.CXIV-No.13/
145,2,2012,http://kenyalaw.org/kenya_gazette/gazette/year/2012,http://kenyalaw.org/kenya_gazette/gazette/volume/OQ--/Vol.CXIV-No.11/
146,2,2012,http://kenyalaw.org/kenya_gazette/gazette/year/2012,http://kenyalaw.org/kenya_gazette/gazette/volume/OA--/Vol.CXIV-No.9/
147,2,2012,http://kenyalaw.org/kenya_gazette/gazette/year/2012,http://kenyalaw.org/kenya_gazette/gazette/volume/Nw--/Vol.CXIV-No.6/
148,2,2012,http://kenyalaw.org/kenya_gazette/gazette/year/2012,http://kenyalaw.org/kenya_gazette/gazette/volume/Ng--/Vol.CXIV-No.3/
149,2,2012,http://kenyalaw.org/kenya_gazette/gazette/year/2012,http://kenyalaw.org/kenya_gazette/gazette/volume/Mw--/Vol.CXIV-No.2/
150,2,2012,http://kenyalaw.org/kenya_gazette/gazette/year/2012,http://kenyalaw.org/kenya_gazette/gazette/volume/Mg--/Vol.CXIV-No.1/
151,3,2013,http://kenyalaw.org/kenya_gazette/gazette/year/2013,http://kenyalaw.org/kenya_gazette/gazette/volume/NzY5/Vol. CXV-No. 180/
152,3,2013,http://kenyalaw.org/kenya_gazette/gazette/year/2013,http://kenyalaw.org/kenya_gazette/gazette/volume/NzY1/Vol. CXV-No. 178/
153,3,2013,http://kenyalaw.org/kenya_gazette/gazette/year/2013,http://kenyalaw.org/kenya_gazette/gazette/volume/NzE0/Vol. CXV-No. 173/
154,3,2013,http://kenyalaw.org/kenya_gazette/gazette/year/2013,http://kenyalaw.org/kenya_gazette/gazette/volume/NzA2/Vol. CXV-No. 170/
155,3,2013,http://kenyalaw.org/kenya_gazette/gazette/year/2013,http://kenyalaw.org/kenya_gazette/gazette/volume/Njkw/Vol. CXV-No. 167/
156,3,2013,http://kenyalaw.org/kenya_gazette/gazette/year/2013,http://kenyalaw.org/kenya_gazette/gazette/volume/Njgz/Vol. CXV-No. 163/
157,3,2013,http://kenyalaw.org/kenya_gazette/gazette/year/2013,http://kenyalaw.org/kenya_gazette/gazette/volume/Njgy/Vol. CXV-No. 161/
158,3,2013,http://kenyalaw.org/kenya_gazette/gazette/year/2013,http://kenyalaw.org/kenya_gazette/gazette/volume/NjYy/Vol. CXV-No. 158/
159,3,2013,http://kenyalaw.org/kenya_gazette/gazette/year/2013,http://kenyalaw.org/kenya_gazette/gazette/volume/NjQ5/Vol. CXV-No. 157/
160,3,2013,http://kenyalaw.org/kenya_gazette/gazette/year/2013,http://kenyalaw.org/kenya_gazette/gazette/volume/NjQ0/Vol. CXV-No. 152/
161,3,2013,http://kenyalaw.org/kenya_gazette/gazette/year/2013,http://kenyalaw.org/kenya_gazette/gazette/volume/MzE4/Vol. CXV-No. 151/
162,3,2013,http://kenyalaw.org/kenya_gazette/gazette/year/2013,http://kenyalaw.org/kenya_gazette/gazette/volume/MzE1/Vol. CXV-No. 147/
163,3,2013,http://kenyalaw.org/kenya_gazette/gazette/year/2013,http://kenyalaw.org/kenya_gazette/gazette/volume/MzEz/Vol. CXV-No. 144/
164,3,2013,http://kenyalaw.org/kenya_gazette/gazette/year/2013,http://kenyalaw.org/kenya_gazette/gazette/volume/MzEw/Vol. CXV-No. 139/
165,3,2013,http://kenyalaw.org/kenya_gazette/gazette/year/2013,http://kenyalaw.org/kenya_gazette/gazette/volume/MzAx/Vol. CXV-No. 138/
166,3,2013,http://kenyalaw.org/kenya_gazette/gazette/year/2013,http://kenyalaw.org/kenya_gazette/gazette/volume/Mjk2/Vol. CXV-No. 133/
167,3,2013,http://kenyalaw.org/kenya_gazette/gazette/year/2013,http://kenyalaw.org/kenya_gazette/gazette/volume/MzE2/Vol. CXV-No. 131/
168,3,2013,http://kenyalaw.org/kenya_gazette/gazette/year/2013,http://kenyalaw.org/kenya_gazette/gazette/volume/MzEy/Vol. CXV-No. 126/
169,3,2013,http://kenyalaw.org/kenya_gazette/gazette/year/2013,http://kenyalaw.org/kenya_gazette/gazette/volume/MzE0/Vol. CXV-No. 121/
170,3,2013,http://kenyalaw.org/kenya_gazette/gazette/year/2013,http://kenyalaw.org/kenya_gazette/gazette/volume/MzE3/Vol. CXV-No. 117/
171,3,2013,http://kenyalaw.org/kenya_gazette/gazette/year/2013,http://kenyalaw.org/kenya_gazette/gazette/volume/NjUw/Vol. CXV-No. 114/
172,3,2013,http://kenyalaw.org/kenya_gazette/gazette/year/2013,http://kenyalaw.org/kenya_gazette/gazette/volume/NjQ2/Vol. CXV-No. 112/
173,3,2013,http://kenyalaw.org/kenya_gazette/gazette/year/2013,http://kenyalaw.org/kenya_gazette/gazette/volume/NjQ3/Vol. CXV-No. 109/
174,3,2013,http://kenyalaw.org/kenya_gazette/gazette/year/2013,http://kenyalaw.org/kenya_gazette/gazette/volume/NjUx/Vol. CXV-No. 106/
175,3,2013,http://kenyalaw.org/kenya_gazette/gazette/year/2013,http://kenyalaw.org/kenya_gazette/gazette/volume/NjUy/Vol. CXV-No. 103/
176,3,2013,http://kenyalaw.org/kenya_gazette/gazette/year/2013,http://kenyalaw.org/kenya_gazette/gazette/volume/NjUz/Vol. CXV-No. 99/
177,3,2013,http://kenyalaw.org/kenya_gazette/gazette/year/2013,http://kenyalaw.org/kenya_gazette/gazette/volume/NjU0/Vol. CXV-No. 96/
178,3,2013,http://kenyalaw.org/kenya_gazette/gazette/year/2013,http://kenyalaw.org/kenya_gazette/gazette/volume/NjU1/Vol. CXV-No. 92/
179,3,2013,http://kenyalaw.org/kenya_gazette/gazette/year/2013,http://kenyalaw.org/kenya_gazette/gazette/volume/NjU2/Vol. CXV-No. 89/
180,3,2013,http://kenyalaw.org/kenya_gazette/gazette/year/2013,http://kenyalaw.org/kenya_gazette/gazette/volume/NjU3/Vol. CXV-No. 85/
181,3,2013,http://kenyalaw.org/kenya_gazette/gazette/year/2013,http://kenyalaw.org/kenya_gazette/gazette/volume/NjU4/Vol. CXV-No. 81/
182,3,2013,http://kenyalaw.org/kenya_gazette/gazette/year/2013,http://kenyalaw.org/kenya_gazette/gazette/volume/NjU5/Vol. CXV-No. 77/
183,3,2013,http://kenyalaw.org/kenya_gazette/gazette/year/2013,http://kenyalaw.org/kenya_gazette/gazette/volume/NjYx/Vol. CXV-No. 75/
184,3,2013,http://kenyalaw.org/kenya_gazette/gazette/year/2013,http://kenyalaw.org/kenya_gazette/gazette/volume/Njcx/Vol. CXV-No. 70/
185,3,2013,http://kenyalaw.org/kenya_gazette/gazette/year/2013,http://kenyalaw.org/kenya_gazette/gazette/volume/Njcy/Vol. CXV-No. 67/
186,3,2013,http://kenyalaw.org/kenya_gazette/gazette/year/2013,http://kenyalaw.org/kenya_gazette/gazette/volume/Njc2/Vol. CXV-No. 65/
187,3,2013,http://kenyalaw.org/kenya_gazette/gazette/year/2013,http://kenyalaw.org/kenya_gazette/gazette/volume/Njc3/Vol. CXV-No. 62/
188,3,2013,http://kenyalaw.org/kenya_gazette/gazette/year/2013,http://kenyalaw.org/kenya_gazette/gazette/volume/Njc5/Vol. CXV-No. 59/
189,3,2013,http://kenyalaw.org/kenya_gazette/gazette/year/2013,http://kenyalaw.org/kenya_gazette/gazette/volume/Njc4/Vol. CXV-No. 57/
190,3,2013,http://kenyalaw.org/kenya_gazette/gazette/year/2013,http://kenyalaw.org/kenya_gazette/gazette/volume/Njgw/Vol. CXV-No. 55/
191,3,2013,http://kenyalaw.org/kenya_gazette/gazette/year/2013,http://kenyalaw.org/kenya_gazette/gazette/volume/Njcw/Vol. CXV-No. 51/
192,3,2013,http://kenyalaw.org/kenya_gazette/gazette/year/2013,http://kenyalaw.org/kenya_gazette/gazette/volume/NjY5/Vol. CXV-No. 46/
193,3,2013,http://kenyalaw.org/kenya_gazette/gazette/year/2013,http://kenyalaw.org/kenya_gazette/gazette/volume/NjY3/Vol. CXV-No. 39/
194,3,2013,http://kenyalaw.org/kenya_gazette/gazette/year/2013,http://kenyalaw.org/kenya_gazette/gazette/volume/Njgx/Vol. CXV-No. 32/
195,3,2013,http://kenyalaw.org/kenya_gazette/gazette/year/2013,http://kenyalaw.org/kenya_gazette/gazette/volume/Njg0/Vol. CXV-No. 28/
196,3,2013,http://kenyalaw.org/kenya_gazette/gazette/year/2013,http://kenyalaw.org/kenya_gazette/gazette/volume/Njcz/Vol. CXV-No. 22/
197,3,2013,http://kenyalaw.org/kenya_gazette/gazette/year/2013,http://kenyalaw.org/kenya_gazette/gazette/volume/NjY4/Vol. CXV-No. 18/
198,3,2013,http://kenyalaw.org/kenya_gazette/gazette/year/2013,http://kenyalaw.org/kenya_gazette/gazette/volume/NjY1/Vol. CXV-No. 13/
199,3,2013,http://kenyalaw.org/kenya_gazette/gazette/year/2013,http://kenyalaw.org/kenya_gazette/gazette/volume/Njg5/Vol. CXV-No. 10/
200,3,2013,http://kenyalaw.org/kenya_gazette/gazette/year/2013,http://kenyalaw.org/kenya_gazette/gazette/volume/Njg4/Vol. CXV-No. 8/
201,3,2013,http://kenyalaw.org/kenya_gazette/gazette/year/2013,http://kenyalaw.org/kenya_gazette/gazette/volume/Njg3/Vol. CXV-No. 3/
202,3,2013,http://kenyalaw.org/kenya_gazette/gazette/year/2013,http://kenyalaw.org/kenya_gazette/gazette/volume/MzAz/Vol. CXV-No. 1/
203,4,2014,http://kenyalaw.org/kenya_gazette/gazette/year/2014,http://kenyalaw.org/kenya_gazette/gazette/volume/MTEwNg--/Vol.CXVI-No.151/
204,4,2014,http://kenyalaw.org/kenya_gazette/gazette/year/2014,http://kenyalaw.org/kenya_gazette/gazette/volume/MTEwMg--/Vol.CXVI-No.148/
205,4,2014,http://kenyalaw.org/kenya_gazette/gazette/year/2014,http://kenyalaw.org/kenya_gazette/gazette/volume/MTEwMQ--/Vol.CXVI-No.145/
206,4,2014,http://kenyalaw.org/kenya_gazette/gazette/year/2014,http://kenyalaw.org/kenya_gazette/gazette/volume/MTEwMA--/Vol.CXVI-No.143/
207,4,2014,http://kenyalaw.org/kenya_gazette/gazette/year/2014,http://kenyalaw.org/kenya_gazette/gazette/volume/MTA5OQ--/Vol.CXVI-No.141/
208,4,2014,http://kenyalaw.org/kenya_gazette/gazette/year/2014,http://kenyalaw.org/kenya_gazette/gazette/volume/MTA5Nw--/Vol.CXVI-No.139/
209,4,2014,http://kenyalaw.org/kenya_gazette/gazette/year/2014,http://kenyalaw.org/kenya_gazette/gazette/volume/MTA5NQ--/Vol.CXVI-No.135/
210,4,2014,http://kenyalaw.org/kenya_gazette/gazette/year/2014,http://kenyalaw.org/kenya_gazette/gazette/volume/MTA5NA--/Vol.CXVI-No.133/
211,4,2014,http://kenyalaw.org/kenya_gazette/gazette/year/2014,http://kenyalaw.org/kenya_gazette/gazette/volume/MTA5Mg--/Vol.CXVI-No.129/
212,4,2014,http://kenyalaw.org/kenya_gazette/gazette/year/2014,http://kenyalaw.org/kenya_gazette/gazette/volume/MTA5MA--/Vol.CXVI-No.126/
213,4,2014,http://kenyalaw.org/kenya_gazette/gazette/year/2014,http://kenyalaw.org/kenya_gazette/gazette/volume/MTA4OA--/Vol.CXVI.No.123/
214,4,2014,http://kenyalaw.org/kenya_gazette/gazette/year/2014,http://kenyalaw.org/kenya_gazette/gazette/volume/MTA4Ng--/Vol.CXVI-No.122/
215,4,2014,http://kenyalaw.org/kenya_gazette/gazette/year/2014,http://kenyalaw.org/kenya_gazette/gazette/volume/MTA4NQ--/Vol.CXVI-No.118/
216,4,2014,http://kenyalaw.org/kenya_gazette/gazette/year/2014,http://kenyalaw.org/kenya_gazette/gazette/volume/MTA3Nw--/Vol.CXVI-No.115/
217,4,2014,http://kenyalaw.org/kenya_gazette/gazette/year/2014,http://kenyalaw.org/kenya_gazette/gazette/volume/MTA3Ng--/Vol.CXVI-No.112/
218,4,2014,http://kenyalaw.org/kenya_gazette/gazette/year/2014,http://kenyalaw.org/kenya_gazette/gazette/volume/MTA3NA--/Vol.CXVI-No.110/
219,4,2014,http://kenyalaw.org/kenya_gazette/gazette/year/2014,http://kenyalaw.org/kenya_gazette/gazette/volume/MTA3NQ--/Vol.CXVI-No.106/
220,4,2014,http://kenyalaw.org/kenya_gazette/gazette/year/2014,http://kenyalaw.org/kenya_gazette/gazette/volume/MTA3Mg--/Vol.CXVI-No.103/
221,4,2014,http://kenyalaw.org/kenya_gazette/gazette/year/2014,http://kenyalaw.org/kenya_gazette/gazette/volume/MTA3Mw--/Vol.CXVI-No.101/
222,4,2014,http://kenyalaw.org/kenya_gazette/gazette/year/2014,http://kenyalaw.org/kenya_gazette/gazette/volume/MTA2NQ--/Vol.CXVI-No.98/
223,4,2014,http://kenyalaw.org/kenya_gazette/gazette/year/2014,http://kenyalaw.org/kenya_gazette/gazette/volume/MTA2Mg--/Vol.CXVI-No.94/
224,4,2014,http://kenyalaw.org/kenya_gazette/gazette/year/2014,http://kenyalaw.org/kenya_gazette/gazette/volume/MTA1Nw--/Vol.CXVI-No.91/
225,4,2014,http://kenyalaw.org/kenya_gazette/gazette/year/2014,http://kenyalaw.org/kenya_gazette/gazette/volume/MTA1Ng--/Vol.CXVI-No.87/
226,4,2014,http://kenyalaw.org/kenya_gazette/gazette/year/2014,http://kenyalaw.org/kenya_gazette/gazette/volume/MTA1Mw--/Vol.CXVI-No.85/
227,4,2014,http://kenyalaw.org/kenya_gazette/gazette/year/2014,http://kenyalaw.org/kenya_gazette/gazette/volume/MTA0Ng--/Vol.CXVI-No.80/
228,4,2014,http://kenyalaw.org/kenya_gazette/gazette/year/2014,http://kenyalaw.org/kenya_gazette/gazette/volume/MTAzMQ--/Vol.CXVI-No.79/
229,4,2014,http://kenyalaw.org/kenya_gazette/gazette/year/2014,http://kenyalaw.org/kenya_gazette/gazette/volume/MTAyNQ--/Vol.CXVI-No.76/
230,4,2014,http://kenyalaw.org/kenya_gazette/gazette/year/2014,http://kenyalaw.org/kenya_gazette/gazette/volume/MTAyMg--/Vol.CXVI-No.74/
231,4,2014,http://kenyalaw.org/kenya_gazette/gazette/year/2014,http://kenyalaw.org/kenya_gazette/gazette/volume/MTAxNA--/Vol.CXVI-No.71/
232,4,2014,http://kenyalaw.org/kenya_gazette/gazette/year/2014,http://kenyalaw.org/kenya_gazette/gazette/volume/MTAxMw--/Vol.CXVI-No.70/
233,4,2014,http://kenyalaw.org/kenya_gazette/gazette/year/2014,http://kenyalaw.org/kenya_gazette/gazette/volume/MTAxMA--/Vol. CXVI-No. 67/
234,4,2014,http://kenyalaw.org/kenya_gazette/gazette/year/2014,http://kenyalaw.org/kenya_gazette/gazette/volume/MTAwNQ--/Vol. CXVI-No. 65/
235,4,2014,http://kenyalaw.org/kenya_gazette/gazette/year/2014,http://kenyalaw.org/kenya_gazette/gazette/volume/ODg5/Vol. CXVI-No. 63/
236,4,2014,http://kenyalaw.org/kenya_gazette/gazette/year/2014,http://kenyalaw.org/kenya_gazette/gazette/volume/ODg2/Vol. CXVI-No. 59/
237,4,2014,http://kenyalaw.org/kenya_gazette/gazette/year/2014,http://kenyalaw.org/kenya_gazette/gazette/volume/ODgz/Vol. CXVI-No. 56/
238,4,2014,http://kenyalaw.org/kenya_gazette/gazette/year/2014,http://kenyalaw.org/kenya_gazette/gazette/volume/ODgx/Vol. CXVI-No. 52/
239,4,2014,http://kenyalaw.org/kenya_gazette/gazette/year/2014,http://kenyalaw.org/kenya_gazette/gazette/volume/ODc3/Vol. CXVI-No. 49/
240,4,2014,http://kenyalaw.org/kenya_gazette/gazette/year/2014,http://kenyalaw.org/kenya_gazette/gazette/volume/ODc2/Vol. CXVI-No. 46/
241,4,2014,http://kenyalaw.org/kenya_gazette/gazette/year/2014,http://kenyalaw.org/kenya_gazette/gazette/volume/ODcw/Vol. CXVI-No. 43/
242,4,2014,http://kenyalaw.org/kenya_gazette/gazette/year/2014,http://kenyalaw.org/kenya_gazette/gazette/volume/ODY5/Vol. CXVI-No. 39/
243,4,2014,http://kenyalaw.org/kenya_gazette/gazette/year/2014,http://kenyalaw.org/kenya_gazette/gazette/volume/ODY0/Vol. CXVI-No. 37/
244,4,2014,http://kenyalaw.org/kenya_gazette/gazette/year/2014,http://kenyalaw.org/kenya_gazette/gazette/volume/ODYz/Vol. CXVI-No. 33/
245,4,2014,http://kenyalaw.org/kenya_gazette/gazette/year/2014,http://kenyalaw.org/kenya_gazette/gazette/volume/ODYw/Vol. CXVI-No. 32/
246,4,2014,http://kenyalaw.org/kenya_gazette/gazette/year/2014,http://kenyalaw.org/kenya_gazette/gazette/volume/ODU3/Vol. CXVI-No. 29/
247,4,2014,http://kenyalaw.org/kenya_gazette/gazette/year/2014,http://kenyalaw.org/kenya_gazette/gazette/volume/ODQ3/Vol. CXVI-No. 25/
248,4,2014,http://kenyalaw.org/kenya_gazette/gazette/year/2014,http://kenyalaw.org/kenya_gazette/gazette/volume/ODQx/Vol. CXVI-No. 22/
249,4,2014,http://kenyalaw.org/kenya_gazette/gazette/year/2014,http://kenyalaw.org/kenya_gazette/gazette/volume/ODQw/Vol. CXVI-No. 18/
250,4,2014,http://kenyalaw.org/kenya_gazette/gazette/year/2014,http://kenyalaw.org/kenya_gazette/gazette/volume/ODM5/Vol. CXVI-No. 12/
251,4,2014,http://kenyalaw.org/kenya_gazette/gazette/year/2014,http://kenyalaw.org/kenya_gazette/gazette/volume/ODM3/Vol. CXVI-No. 10/
252,4,2014,http://kenyalaw.org/kenya_gazette/gazette/year/2014,http://kenyalaw.org/kenya_gazette/gazette/volume/ODMy/Vol. CXVI-No. 7/
253,4,2014,http://kenyalaw.org/kenya_gazette/gazette/year/2014,http://kenyalaw.org/kenya_gazette/gazette/volume/Nzc5/Vol.CXVI-No.4/
254,4,2014,http://kenyalaw.org/kenya_gazette/gazette/year/2014,http://kenyalaw.org/kenya_gazette/gazette/volume/Nzc1/Vol.CXVI-No.1/
255,5,2015,http://kenyalaw.org/kenya_gazette/gazette/year/2015,http://kenyalaw.org/kenya_gazette/gazette/volume/MTI1Mg--/VoI.CXVII-No.148/
256,5,2015,http://kenyalaw.org/kenya_gazette/gazette/year/2015,http://kenyalaw.org/kenya_gazette/gazette/volume/MTI1MA--/VoI.CXVII-No.145/
257,5,2015,http://kenyalaw.org/kenya_gazette/gazette/year/2015,http://kenyalaw.org/kenya_gazette/gazette/volume/MTI0OQ--/VoI.CXVII-No.141/
258,5,2015,http://kenyalaw.org/kenya_gazette/gazette/year/2015,http://kenyalaw.org/kenya_gazette/gazette/volume/MTI0OA--/VoI.CXVII-No.136/
259,5,2015,http://kenyalaw.org/kenya_gazette/gazette/year/2015,http://kenyalaw.org/kenya_gazette/gazette/volume/MTI0Nw--/Vol.CXVII-No.133/
260,5,2015,http://kenyalaw.org/kenya_gazette/gazette/year/2015,http://kenyalaw.org/kenya_gazette/gazette/volume/MTIzOQ--/Vol.CXVII-No.130/
261,5,2015,http://kenyalaw.org/kenya_gazette/gazette/year/2015,http://kenyalaw.org/kenya_gazette/gazette/volume/MTIzNg--/Vol.CXVII-No.126/
262,5,2015,http://kenyalaw.org/kenya_gazette/gazette/year/2015,http://kenyalaw.org/kenya_gazette/gazette/volume/MTIzNQ--/Vol.CXVII-No.124/
263,5,2015,http://kenyalaw.org/kenya_gazette/gazette/year/2015,http://kenyalaw.org/kenya_gazette/gazette/volume/MTIzNA--/Vol.CXVII-No.121/
264,5,2015,http://kenyalaw.org/kenya_gazette/gazette/year/2015,http://kenyalaw.org/kenya_gazette/gazette/volume/MTIzMg--/Vol.CXVII-No.117/
265,5,2015,http://kenyalaw.org/kenya_gazette/gazette/year/2015,http://kenyalaw.org/kenya_gazette/gazette/volume/MTIzMA--/Vol.CXVII-No.114/
266,5,2015,http://kenyalaw.org/kenya_gazette/gazette/year/2015,http://kenyalaw.org/kenya_gazette/gazette/volume/MTIyOA--/Vol.CXVII-No.112/
267,5,2015,http://kenyalaw.org/kenya_gazette/gazette/year/2015,http://kenyalaw.org/kenya_gazette/gazette/volume/MTIyNQ--/Vol.CXVII-No.109/
268,5,2015,http://kenyalaw.org/kenya_gazette/gazette/year/2015,http://kenyalaw.org/kenya_gazette/gazette/volume/MTIyMw--/Vol.CXVII-No.105 /
269,5,2015,http://kenyalaw.org/kenya_gazette/gazette/year/2015,http://kenyalaw.org/kenya_gazette/gazette/volume/MTIyMQ--/Vol.CXVII-No.102/
270,5,2015,http://kenyalaw.org/kenya_gazette/gazette/year/2015,http://kenyalaw.org/kenya_gazette/gazette/volume/MTIwOQ--/Vol.CXVII-No.101/
271,5,2015,http://kenyalaw.org/kenya_gazette/gazette/year/2015,http://kenyalaw.org/kenya_gazette/gazette/volume/MTIwNw--/Vol.CXVII-No.96/
272,5,2015,http://kenyalaw.org/kenya_gazette/gazette/year/2015,http://kenyalaw.org/kenya_gazette/gazette/volume/MTIwNg--/Vol.CXVII-No.94/
273,5,2015,http://kenyalaw.org/kenya_gazette/gazette/year/2015,http://kenyalaw.org/kenya_gazette/gazette/volume/MTIwNQ--/Vol.CXVII-No.90/
274,5,2015,http://kenyalaw.org/kenya_gazette/gazette/year/2015,http://kenyalaw.org/kenya_gazette/gazette/volume/MTIwNA--/Vol.CXVII-No.88/
275,5,2015,http://kenyalaw.org/kenya_gazette/gazette/year/2015,http://kenyalaw.org/kenya_gazette/gazette/volume/MTE5Nw--/Vol.CXVII-No.84/
276,5,2015,http://kenyalaw.org/kenya_gazette/gazette/year/2015,http://kenyalaw.org/kenya_gazette/gazette/volume/MTE5NA--/Vol.CXVII-No.83/
277,5,2015,http://kenyalaw.org/kenya_gazette/gazette/year/2015,http://kenyalaw.org/kenya_gazette/gazette/volume/MTE5Mw--/Vol.CXVII-No.80/
278,5,2015,http://kenyalaw.org/kenya_gazette/gazette/year/2015,http://kenyalaw.org/kenya_gazette/gazette/volume/MTE5Mg--/Vol.CXVII-No.76/
279,5,2015,http://kenyalaw.org/kenya_gazette/gazette/year/2015,http://kenyalaw.org/kenya_gazette/gazette/volume/MTE4NQ--/Vol.CXVII-No.75/
280,5,2015,http://kenyalaw.org/kenya_gazette/gazette/year/2015,http://kenyalaw.org/kenya_gazette/gazette/volume/MTE4NA--/Vol.CXVII-No.71/
281,5,2015,http://kenyalaw.org/kenya_gazette/gazette/year/2015,http://kenyalaw.org/kenya_gazette/gazette/volume/MTE4Mw--/Vol.CXVII-No.70/
282,5,2015,http://kenyalaw.org/kenya_gazette/gazette/year/2015,http://kenyalaw.org/kenya_gazette/gazette/volume/MTE5MQ--/Vol.CXVII-No.67/
283,5,2015,http://kenyalaw.org/kenya_gazette/gazette/year/2015,http://kenyalaw.org/kenya_gazette/gazette/volume/MTE3OA--/Vol.CXVII-No.64/
284,5,2015,http://kenyalaw.org/kenya_gazette/gazette/year/2015,http://kenyalaw.org/kenya_gazette/gazette/volume/MTE3OQ--/Vol.CXVII-No.61/
285,5,2015,http://kenyalaw.org/kenya_gazette/gazette/year/2015,http://kenyalaw.org/kenya_gazette/gazette/volume/MTE3Ng--/Vol.CXVII-No.58/
286,5,2015,http://kenyalaw.org/kenya_gazette/gazette/year/2015,http://kenyalaw.org/kenya_gazette/gazette/volume/MTE3MQ--/Vol.CXVII-No.55/
287,5,2015,http://kenyalaw.org/kenya_gazette/gazette/year/2015,http://kenyalaw.org/kenya_gazette/gazette/volume/MTE3Nw--/Vol.CXVII-No.57/
288,5,2015,http://kenyalaw.org/kenya_gazette/gazette/year/2015,http://kenyalaw.org/kenya_gazette/gazette/volume/MTE2OQ--/Vol.CXVII-No.52/
289,5,2015,http://kenyalaw.org/kenya_gazette/gazette/year/2015,http://kenyalaw.org/kenya_gazette/gazette/volume/MTE2NQ--/Vol.CXVII-No.49/
290,5,2015,http://kenyalaw.org/kenya_gazette/gazette/year/2015,http://kenyalaw.org/kenya_gazette/gazette/volume/MTE2NA--/Vol.CXVII-No.47/
291,5,2015,http://kenyalaw.org/kenya_gazette/gazette/year/2015,http://kenyalaw.org/kenya_gazette/gazette/volume/MTE2Mw--/Vol.CXVII-No.44/
292,5,2015,http://kenyalaw.org/kenya_gazette/gazette/year/2015,http://kenyalaw.org/kenya_gazette/gazette/volume/MTE2MA--/Vol.CXVII-No.41/
293,5,2015,http://kenyalaw.org/kenya_gazette/gazette/year/2015,http://kenyalaw.org/kenya_gazette/gazette/volume/MTE1Ng--/Vol.CXVII-No.39/
294,5,2015,http://kenyalaw.org/kenya_gazette/gazette/year/2015,http://kenyalaw.org/kenya_gazette/gazette/volume/MTE1Mw--/Vol.CXVII-No.37/
295,5,2015,http://kenyalaw.org/kenya_gazette/gazette/year/2015,http://kenyalaw.org/kenya_gazette/gazette/volume/MTE1MQ--/Vol.CXVII-No.34/
296,5,2015,http://kenyalaw.org/kenya_gazette/gazette/year/2015,http://kenyalaw.org/kenya_gazette/gazette/volume/MTE0OQ--/Vol.CXVII-No.32/
297,5,2015,http://kenyalaw.org/kenya_gazette/gazette/year/2015,http://kenyalaw.org/kenya_gazette/gazette/volume/MTEzMA--/Vol.CXVII-No.29/
298,5,2015,http://kenyalaw.org/kenya_gazette/gazette/year/2015,http://kenyalaw.org/kenya_gazette/gazette/volume/MTEyOA--/\/ol.CXVII-No.25/
299,5,2015,http://kenyalaw.org/kenya_gazette/gazette/year/2015,http://kenyalaw.org/kenya_gazette/gazette/volume/MTEyNQ--/Vol.CXVII-No.22/
300,5,2015,http://kenyalaw.org/kenya_gazette/gazette/year/2015,http://kenyalaw.org/kenya_gazette/gazette/volume/MTEyMQ--/Vol.CXVII-No.20/
301,5,2015,http://kenyalaw.org/kenya_gazette/gazette/year/2015,http://kenyalaw.org/kenya_gazette/gazette/volume/MTExOQ--/Vol.CXVII-No.17/
302,5,2015,http://kenyalaw.org/kenya_gazette/gazette/year/2015,http://kenyalaw.org/kenya_gazette/gazette/volume/MTExOA--/Vol.CXVII-No.14/
303,5,2015,http://kenyalaw.org/kenya_gazette/gazette/year/2015,http://kenyalaw.org/kenya_gazette/gazette/volume/MTExNw--/Vol.CXVII-No.12/
304,5,2015,http://kenyalaw.org/kenya_gazette/gazette/year/2015,http://kenyalaw.org/kenya_gazette/gazette/volume/MTExNQ--/Vol.CXVII-No.9/
305,5,2015,http://kenyalaw.org/kenya_gazette/gazette/year/2015,http://kenyalaw.org/kenya_gazette/gazette/volume/MTExMw--/Vol.CXVII-No.7/
306,5,2015,http://kenyalaw.org/kenya_gazette/gazette/year/2015,http://kenyalaw.org/kenya_gazette/gazette/volume/MTExMg--/Vol.CXVII-No.4/
307,5,2015,http://kenyalaw.org/kenya_gazette/gazette/year/2015,http://kenyalaw.org/kenya_gazette/gazette/volume/MTExMQ--/Vol.CXVII-No.2/
308,5,2015,http://kenyalaw.org/kenya_gazette/gazette/year/2015,http://kenyalaw.org/kenya_gazette/gazette/volume/MTEwOQ--/Vol.CXVII-No.1/
309,6,2016,http://kenyalaw.org/kenya_gazette/gazette/year/2016,http://kenyalaw.org/kenya_gazette/gazette/volume/MTQyNA--/Vol.CXVIII-No.165/
310,6,2016,http://kenyalaw.org/kenya_gazette/gazette/year/2016,http://kenyalaw.org/kenya_gazette/gazette/volume/MTQyMQ--/Vol.CXVIII-No.163/
311,6,2016,http://kenyalaw.org/kenya_gazette/gazette/year/2016,http://kenyalaw.org/kenya_gazette/gazette/volume/MTQxNg--/Vol.CXVIII-No.156/
312,6,2016,http://kenyalaw.org/kenya_gazette/gazette/year/2016,http://kenyalaw.org/kenya_gazette/gazette/volume/MTQxNQ--/Vol.CXVIII-No.154/
313,6,2016,http://kenyalaw.org/kenya_gazette/gazette/year/2016,http://kenyalaw.org/kenya_gazette/gazette/volume/MTQxMw--/Vol.CXVIII-No.152/
314,6,2016,http://kenyalaw.org/kenya_gazette/gazette/year/2016,http://kenyalaw.org/kenya_gazette/gazette/volume/MTQxOQ--/Vol.CXVIII-No.153/
315,6,2016,http://kenyalaw.org/kenya_gazette/gazette/year/2016,http://kenyalaw.org/kenya_gazette/gazette/volume/MTQxMg--/Vol.CXVIII-No.149/
316,6,2016,http://kenyalaw.org/kenya_gazette/gazette/year/2016,http://kenyalaw.org/kenya_gazette/gazette/volume/MTQxMA--/Vol.CXVIII-No.146/
317,6,2016,http://kenyalaw.org/kenya_gazette/gazette/year/2016,http://kenyalaw.org/kenya_gazette/gazette/volume/MTQxMQ--/Vol.CXVIII-No.143/
318,6,2016,http://kenyalaw.org/kenya_gazette/gazette/year/2016,http://kenyalaw.org/kenya_gazette/gazette/volume/MTg4Mg--/Vol. CXVIII-No. 141/
319,6,2016,http://kenyalaw.org/kenya_gazette/gazette/year/2016,http://kenyalaw.org/kenya_gazette/gazette/volume/MTM4NQ--/Vol.CXVIII-No.139/
320,6,2016,http://kenyalaw.org/kenya_gazette/gazette/year/2016,http://kenyalaw.org/kenya_gazette/gazette/volume/MTM4MA--/Vol.CXVIII-No.135/
321,6,2016,http://kenyalaw.org/kenya_gazette/gazette/year/2016,http://kenyalaw.org/kenya_gazette/gazette/volume/MTM3Nw--/Vol.CXVIII-No.132/
322,6,2016,http://kenyalaw.org/kenya_gazette/gazette/year/2016,http://kenyalaw.org/kenya_gazette/gazette/volume/MTM3NQ--/Vol.CXVIII-No.129/
323,6,2016,http://kenyalaw.org/kenya_gazette/gazette/year/2016,http://kenyalaw.org/kenya_gazette/gazette/volume/MTM3Mg--/Vol.CXVIII-No.125/
324,6,2016,http://kenyalaw.org/kenya_gazette/gazette/year/2016,http://kenyalaw.org/kenya_gazette/gazette/volume/MTM2OA--/Vol.CXVIII-No.122/
325,6,2016,http://kenyalaw.org/kenya_gazette/gazette/year/2016,http://kenyalaw.org/kenya_gazette/gazette/volume/MTM2Nw--/Vol.CXVIII-No.116/
326,6,2016,http://kenyalaw.org/kenya_gazette/gazette/year/2016,http://kenyalaw.org/kenya_gazette/gazette/volume/MTM2Mg--/Vol.CXVIII-No.114/
327,6,2016,http://kenyalaw.org/kenya_gazette/gazette/year/2016,http://kenyalaw.org/kenya_gazette/gazette/volume/MTM2MQ--/Vol.CXVIII-No.110/
328,6,2016,http://kenyalaw.org/kenya_gazette/gazette/year/2016,http://kenyalaw.org/kenya_gazette/gazette/volume/MTM1OQ--/Vol.CXVIII-No.107/
329,6,2016,http://kenyalaw.org/kenya_gazette/gazette/year/2016,http://kenyalaw.org/kenya_gazette/gazette/volume/MTM1Ng--/Vol.CXVIII-No.103/
330,6,2016,http://kenyalaw.org/kenya_gazette/gazette/year/2016,http://kenyalaw.org/kenya_gazette/gazette/volume/MTM1NA--/Vol.CXVIII-No.98/
331,6,2016,http://kenyalaw.org/kenya_gazette/gazette/year/2016,http://kenyalaw.org/kenya_gazette/gazette/volume/MTM1Mw--/Vol.CXVIII-No.95/
332,6,2016,http://kenyalaw.org/kenya_gazette/gazette/year/2016,http://kenyalaw.org/kenya_gazette/gazette/volume/MTM1MA--/Vol.CXVIII-No. 92/
333,6,2016,http://kenyalaw.org/kenya_gazette/gazette/year/2016,http://kenyalaw.org/kenya_gazette/gazette/volume/MTM0OQ--/Vol.CXVIII-No.87/
334,6,2016,http://kenyalaw.org/kenya_gazette/gazette/year/2016,http://kenyalaw.org/kenya_gazette/gazette/volume/MTM0NQ--/Vol.CXVIII-No.84/
335,6,2016,http://kenyalaw.org/kenya_gazette/gazette/year/2016,http://kenyalaw.org/kenya_gazette/gazette/volume/MTM0NA--/Vol.CXVIII-No.81/
336,6,2016,http://kenyalaw.org/kenya_gazette/gazette/year/2016,http://kenyalaw.org/kenya_gazette/gazette/volume/MTM0Mw--/Vol.CXVIII-No.78/
337,6,2016,http://kenyalaw.org/kenya_gazette/gazette/year/2016,http://kenyalaw.org/kenya_gazette/gazette/volume/MTM0Mg--/Vol.CXVIII-No.74/
338,6,2016,http://kenyalaw.org/kenya_gazette/gazette/year/2016,http://kenyalaw.org/kenya_gazette/gazette/volume/MTMzMw--/Vol.CXVII-No.72/
339,6,2016,http://kenyalaw.org/kenya_gazette/gazette/year/2016,http://kenyalaw.org/kenya_gazette/gazette/volume/MTMzMg--/Vol.CXVIII-No.70/
340,6,2016,http://kenyalaw.org/kenya_gazette/gazette/year/2016,http://kenyalaw.org/kenya_gazette/gazette/volume/MTMzMA--/Vol.CXVIll-No.66/
341,6,2016,http://kenyalaw.org/kenya_gazette/gazette/year/2016,http://kenyalaw.org/kenya_gazette/gazette/volume/MTMyOA--/ Vol.CXVIII-No.62/
342,6,2016,http://kenyalaw.org/kenya_gazette/gazette/year/2016,http://kenyalaw.org/kenya_gazette/gazette/volume/MTMyNw--/Vol.CXVIII-No.60/
343,6,2016,http://kenyalaw.org/kenya_gazette/gazette/year/2016,http://kenyalaw.org/kenya_gazette/gazette/volume/MTMyNg--/Vol.CXVIII-No.57/
344,6,2016,http://kenyalaw.org/kenya_gazette/gazette/year/2016,http://kenyalaw.org/kenya_gazette/gazette/volume/MTMyMw--/Vol.CXVIII-No.55/
345,6,2016,http://kenyalaw.org/kenya_gazette/gazette/year/2016,http://kenyalaw.org/kenya_gazette/gazette/volume/MTMyMg--/Vol.CXVIII-No.52/
346,6,2016,http://kenyalaw.org/kenya_gazette/gazette/year/2016,http://kenyalaw.org/kenya_gazette/gazette/volume/MTMxMA--/Vol.CXVIII-No.50/
347,6,2016,http://kenyalaw.org/kenya_gazette/gazette/year/2016,http://kenyalaw.org/kenya_gazette/gazette/volume/MTMwOQ--/Vol.CXVIII-No.45/
348,6,2016,http://kenyalaw.org/kenya_gazette/gazette/year/2016,http://kenyalaw.org/kenya_gazette/gazette/volume/MTMwOA--/Vol.CXVIII-No.43/
349,6,2016,http://kenyalaw.org/kenya_gazette/gazette/year/2016,http://kenyalaw.org/kenya_gazette/gazette/volume/MTMwNw--/Vol.CXVIII-No.38/
350,6,2016,http://kenyalaw.org/kenya_gazette/gazette/year/2016,http://kenyalaw.org/kenya_gazette/gazette/volume/MTMwMg--/Vol.CXVIII-No.35/
351,6,2016,http://kenyalaw.org/kenya_gazette/gazette/year/2016,http://kenyalaw.org/kenya_gazette/gazette/volume/MTMwMA--/Vol.CXVIII-No.32/
352,6,2016,http://kenyalaw.org/kenya_gazette/gazette/year/2016,http://kenyalaw.org/kenya_gazette/gazette/volume/MTI5OQ--/Vol.CXVIII-No.29/
353,6,2016,http://kenyalaw.org/kenya_gazette/gazette/year/2016,http://kenyalaw.org/kenya_gazette/gazette/volume/MTI5NQ--/Vol.CXVIII-No.28/
354,6,2016,http://kenyalaw.org/kenya_gazette/gazette/year/2016,http://kenyalaw.org/kenya_gazette/gazette/volume/MTI5Mw--/Vol.CXVIII-No.23/
355,6,2016,http://kenyalaw.org/kenya_gazette/gazette/year/2016,http://kenyalaw.org/kenya_gazette/gazette/volume/MTI5MQ--/Vol.CXVIII-No.21/
356,6,2016,http://kenyalaw.org/kenya_gazette/gazette/year/2016,http://kenyalaw.org/kenya_gazette/gazette/volume/MTI4NA--/Vol.CXVIII-No.18/
357,6,2016,http://kenyalaw.org/kenya_gazette/gazette/year/2016,http://kenyalaw.org/kenya_gazette/gazette/volume/MTI4MQ--/VoI.CXVIII-No.15/
358,6,2016,http://kenyalaw.org/kenya_gazette/gazette/year/2016,http://kenyalaw.org/kenya_gazette/gazette/volume/MTI4MA--/VoI.CXVIII-No.12/
359,6,2016,http://kenyalaw.org/kenya_gazette/gazette/year/2016,http://kenyalaw.org/kenya_gazette/gazette/volume/MTI3OQ--/Vol.CXVIII-No.10/
360,6,2016,http://kenyalaw.org/kenya_gazette/gazette/year/2016,http://kenyalaw.org/kenya_gazette/gazette/volume/MTI2Nw--/VoI.CXVII-No.8/
361,6,2016,http://kenyalaw.org/kenya_gazette/gazette/year/2016,http://kenyalaw.org/kenya_gazette/gazette/volume/MTI2Mw--/VoI.CXVII-No.6/
362,6,2016,http://kenyalaw.org/kenya_gazette/gazette/year/2016,http://kenyalaw.org/kenya_gazette/gazette/volume/MTI1Ng--/VoI.CXVII-No.4/
363,6,2016,http://kenyalaw.org/kenya_gazette/gazette/year/2016,http://kenyalaw.org/kenya_gazette/gazette/volume/MTI1NA--/VoI.CXVII-No.2/
364,7,2017,http://kenyalaw.org/kenya_gazette/gazette/year/2017,http://kenyalaw.org/kenya_gazette/gazette/volume/MTYyMg--/Vol.CXIX-No.194/
365,7,2017,http://kenyalaw.org/kenya_gazette/gazette/year/2017,http://kenyalaw.org/kenya_gazette/gazette/volume/MTYyMQ--/Vol.CXIX-No.190/
366,7,2017,http://kenyalaw.org/kenya_gazette/gazette/year/2017,http://kenyalaw.org/kenya_gazette/gazette/volume/MTYyMA--/Vol.CXIX -No.186/
367,7,2017,http://kenyalaw.org/kenya_gazette/gazette/year/2017,http://kenyalaw.org/kenya_gazette/gazette/volume/MTYzMQ--/Vol.CXIX-No.182/
368,7,2017,http://kenyalaw.org/kenya_gazette/gazette/year/2017,http://kenyalaw.org/kenya_gazette/gazette/volume/MTYwNg--/Vol.CXIX-No.180/
369,7,2017,http://kenyalaw.org/kenya_gazette/gazette/year/2017,http://kenyalaw.org/kenya_gazette/gazette/volume/MTYwNQ--/Vol.CXIX-No.179/
370,7,2017,http://kenyalaw.org/kenya_gazette/gazette/year/2017,http://kenyalaw.org/kenya_gazette/gazette/volume/MTYwMg--/Vol.CXIX-No.175/
371,7,2017,http://kenyalaw.org/kenya_gazette/gazette/year/2017,http://kenyalaw.org/kenya_gazette/gazette/volume/MTYwMA--/Vol.CXIX-No.171/
372,7,2017,http://kenyalaw.org/kenya_gazette/gazette/year/2017,http://kenyalaw.org/kenya_gazette/gazette/volume/MTg2Mg--/Vol.CXX-No.139/
373,7,2017,http://kenyalaw.org/kenya_gazette/gazette/year/2017,http://kenyalaw.org/kenya_gazette/gazette/volume/MTU5Nw--/Vol.CXIX-No.167/
374,7,2017,http://kenyalaw.org/kenya_gazette/gazette/year/2017,http://kenyalaw.org/kenya_gazette/gazette/volume/MTU5Ng--/Vol.CXIX-No.165/
375,7,2017,http://kenyalaw.org/kenya_gazette/gazette/year/2017,http://kenyalaw.org/kenya_gazette/gazette/volume/MTU5Mw--/Vol.CXIX-No.162/
376,7,2017,http://kenyalaw.org/kenya_gazette/gazette/year/2017,http://kenyalaw.org/kenya_gazette/gazette/volume/MTU4OQ--/Vol.CXIX-No.155/
377,7,2017,http://kenyalaw.org/kenya_gazette/gazette/year/2017,http://kenyalaw.org/kenya_gazette/gazette/volume/MTU3NQ--/Vol.CXIX-No.151/
378,7,2017,http://kenyalaw.org/kenya_gazette/gazette/year/2017,http://kenyalaw.org/kenya_gazette/gazette/volume/MTU2OQ--/Vol.CXIX-No.147/
379,7,2017,http://kenyalaw.org/kenya_gazette/gazette/year/2017,http://kenyalaw.org/kenya_gazette/gazette/volume/MTU2Nw--/Vol.CXIX-No.143/
380,7,2017,http://kenyalaw.org/kenya_gazette/gazette/year/2017,http://kenyalaw.org/kenya_gazette/gazette/volume/MTU2Ng--/Vol.CXIX-No.140/
381,7,2017,http://kenyalaw.org/kenya_gazette/gazette/year/2017,http://kenyalaw.org/kenya_gazette/gazette/volume/MTU2Mg--/Vol.CXIX-No.136/
382,7,2017,http://kenyalaw.org/kenya_gazette/gazette/year/2017,http://kenyalaw.org/kenya_gazette/gazette/volume/MTU3OQ--/Vol.CXIX-No.133/
383,7,2017,http://kenyalaw.org/kenya_gazette/gazette/year/2017,http://kenyalaw.org/kenya_gazette/gazette/volume/MTU2NQ--/Vol. CXIX-No.137/
384,7,2017,http://kenyalaw.org/kenya_gazette/gazette/year/2017,http://kenyalaw.org/kenya_gazette/gazette/volume/MTU0OQ--/Vol.CXIX-No.132/
385,7,2017,http://kenyalaw.org/kenya_gazette/gazette/year/2017,http://kenyalaw.org/kenya_gazette/gazette/volume/MTU0OA--/Vol.CXIX-No.126/
386,7,2017,http://kenyalaw.org/kenya_gazette/gazette/year/2017,http://kenyalaw.org/kenya_gazette/gazette/volume/MTU0Ng--/Vol.CXIX-No.122/
387,7,2017,http://kenyalaw.org/kenya_gazette/gazette/year/2017,http://kenyalaw.org/kenya_gazette/gazette/volume/MTU0Mg--/Vol.CXIX-No.118/
388,7,2017,http://kenyalaw.org/kenya_gazette/gazette/year/2017,http://kenyalaw.org/kenya_gazette/gazette/volume/MTUzMg--/Vol.CXIX-No.114/
389,7,2017,http://kenyalaw.org/kenya_gazette/gazette/year/2017,http://kenyalaw.org/kenya_gazette/gazette/volume/MTUzMQ--/Vol.CXIX-No.109/
390,7,2017,http://kenyalaw.org/kenya_gazette/gazette/year/2017,http://kenyalaw.org/kenya_gazette/gazette/volume/MTUyOA--/Vol.CXIX-No.105/
391,7,2017,http://kenyalaw.org/kenya_gazette/gazette/year/2017,http://kenyalaw.org/kenya_gazette/gazette/volume/MTUyNQ--/Vol.CXIX-No.99/
392,7,2017,http://kenyalaw.org/kenya_gazette/gazette/year/2017,http://kenyalaw.org/kenya_gazette/gazette/volume/MTUyMw--/Vol.CXIX-No.95/
393,7,2017,http://kenyalaw.org/kenya_gazette/gazette/year/2017,http://kenyalaw.org/kenya_gazette/gazette/volume/MTUxMQ--/Vol.CXIX-No.88/
394,7,2017,http://kenyalaw.org/kenya_gazette/gazette/year/2017,http://kenyalaw.org/kenya_gazette/gazette/volume/MTUxMA--/Vol.CXIX-No.85/
395,7,2017,http://kenyalaw.org/kenya_gazette/gazette/year/2017,http://kenyalaw.org/kenya_gazette/gazette/volume/MTUwOA--/Vol.CXIX-No.81/
396,7,2017,http://kenyalaw.org/kenya_gazette/gazette/year/2017,http://kenyalaw.org/kenya_gazette/gazette/volume/MTUwNQ--/Vol.CXIX-No.78/
397,7,2017,http://kenyalaw.org/kenya_gazette/gazette/year/2017,http://kenyalaw.org/kenya_gazette/gazette/volume/MTUwNA--/Vol.CXIX-No.73/
398,7,2017,http://kenyalaw.org/kenya_gazette/gazette/year/2017,http://kenyalaw.org/kenya_gazette/gazette/volume/MTUwMg--/Vol.CXIX-No.71/
399,7,2017,http://kenyalaw.org/kenya_gazette/gazette/year/2017,http://kenyalaw.org/kenya_gazette/gazette/volume/MTUwMQ--/Vol.CXIX-No.67/
400,7,2017,http://kenyalaw.org/kenya_gazette/gazette/year/2017,http://kenyalaw.org/kenya_gazette/gazette/volume/MTQ5Mg--/Vol.CXIX-No.64/
401,7,2017,http://kenyalaw.org/kenya_gazette/gazette/year/2017,http://kenyalaw.org/kenya_gazette/gazette/volume/MTQ4OQ--/Vol.CXIX-No.61/
402,7,2017,http://kenyalaw.org/kenya_gazette/gazette/year/2017,http://kenyalaw.org/kenya_gazette/gazette/volume/MTQ4Nw--/Vol.CXIX-No.56/
403,7,2017,http://kenyalaw.org/kenya_gazette/gazette/year/2017,http://kenyalaw.org/kenya_gazette/gazette/volume/MTQ4Ng--/Vol.CXIX-No.54/
404,7,2017,http://kenyalaw.org/kenya_gazette/gazette/year/2017,http://kenyalaw.org/kenya_gazette/gazette/volume/MTQ3NQ--/Vol.CXIX-No.51/
405,7,2017,http://kenyalaw.org/kenya_gazette/gazette/year/2017,http://kenyalaw.org/kenya_gazette/gazette/volume/MTQ3Mw--/Vol.CXIX-No.46/
406,7,2017,http://kenyalaw.org/kenya_gazette/gazette/year/2017,http://kenyalaw.org/kenya_gazette/gazette/volume/MTQ3MA--/Vol.CXIX-No.44/
407,7,2017,http://kenyalaw.org/kenya_gazette/gazette/year/2017,http://kenyalaw.org/kenya_gazette/gazette/volume/MTQ3MQ--/Vol.CXIX-No.43/
408,7,2017,http://kenyalaw.org/kenya_gazette/gazette/year/2017,http://kenyalaw.org/kenya_gazette/gazette/volume/MTQ2OQ--/Vol.CXIX-No.40/
409,7,2017,http://kenyalaw.org/kenya_gazette/gazette/year/2017,http://kenyalaw.org/kenya_gazette/gazette/volume/MTQ1NA--/Vol.CXIX-No.37/
410,7,2017,http://kenyalaw.org/kenya_gazette/gazette/year/2017,http://kenyalaw.org/kenya_gazette/gazette/volume/MTQ2OA--/Vol.CXIX-No.34/
411,7,2017,http://kenyalaw.org/kenya_gazette/gazette/year/2017,http://kenyalaw.org/kenya_gazette/gazette/volume/MTQ2Ng--/Vol.CXIX-No.32/
412,7,2017,http://kenyalaw.org/kenya_gazette/gazette/year/2017,http://kenyalaw.org/kenya_gazette/gazette/volume/MTQ3Mg--/Vol.CXIX-No.35/
413,7,2017,http://kenyalaw.org/kenya_gazette/gazette/year/2017,http://kenyalaw.org/kenya_gazette/gazette/volume/MTQ2NQ--/Vol.CXIX-No.31/
414,7,2017,http://kenyalaw.org/kenya_gazette/gazette/year/2017,http://kenyalaw.org/kenya_gazette/gazette/volume/MTQ2Nw--/Vol.CXIX-No.30/
415,7,2017,http://kenyalaw.org/kenya_gazette/gazette/year/2017,http://kenyalaw.org/kenya_gazette/gazette/volume/MTQ2Mw--/Vol.CXIX-No.29/
416,7,2017,http://kenyalaw.org/kenya_gazette/gazette/year/2017,http://kenyalaw.org/kenya_gazette/gazette/volume/MTQ0OA--/Vol.CXIX-No.27/
417,7,2017,http://kenyalaw.org/kenya_gazette/gazette/year/2017,http://kenyalaw.org/kenya_gazette/gazette/volume/MTQ0Nw--/Vol.CXIX-No.24/
418,7,2017,http://kenyalaw.org/kenya_gazette/gazette/year/2017,http://kenyalaw.org/kenya_gazette/gazette/volume/MTQ0MQ--/Vol.CXIX-No.20/
419,7,2017,http://kenyalaw.org/kenya_gazette/gazette/year/2017,http://kenyalaw.org/kenya_gazette/gazette/volume/MTQ0NQ--/Vol.CXIX-No.18/
420,7,2017,http://kenyalaw.org/kenya_gazette/gazette/year/2017,http://kenyalaw.org/kenya_gazette/gazette/volume/MTQzNw--/Vol.CXIX-No.15/
421,7,2017,http://kenyalaw.org/kenya_gazette/gazette/year/2017,http://kenyalaw.org/kenya_gazette/gazette/volume/MTQzNQ--/Vol.CXIX-No.12/
422,7,2017,http://kenyalaw.org/kenya_gazette/gazette/year/2017,http://kenyalaw.org/kenya_gazette/gazette/volume/MTQzMQ--/Vol.CXIX-No.9/
423,7,2017,http://kenyalaw.org/kenya_gazette/gazette/year/2017,http://kenyalaw.org/kenya_gazette/gazette/volume/MTQyOQ--/Vol.CXIX-No.5/
424,7,2017,http://kenyalaw.org/kenya_gazette/gazette/year/2017,http://kenyalaw.org/kenya_gazette/gazette/volume/MTQyNw--/Vol.CXIX-No.2/
425,8,2018,http://kenyalaw.org/kenya_gazette/gazette/year/2018,http://kenyalaw.org/kenya_gazette/gazette/volume/MTkwNA--/Vol.CXX-No.158/
426,8,2018,http://kenyalaw.org/kenya_gazette/gazette/year/2018,http://kenyalaw.org/kenya_gazette/gazette/volume/MTg5Mw--/Vol.CXX-No.152/
427,8,2018,http://kenyalaw.org/kenya_gazette/gazette/year/2018,http://kenyalaw.org/kenya_gazette/gazette/volume/MTg2OA--/Vol.CXX-No.149/
428,8,2018,http://kenyalaw.org/kenya_gazette/gazette/year/2018,http://kenyalaw.org/kenya_gazette/gazette/volume/MTg2Ng--/Vol.CXX-No.145/
429,8,2018,http://kenyalaw.org/kenya_gazette/gazette/year/2018,http://kenyalaw.org/kenya_gazette/gazette/volume/MTg2NQ--/Vol.CXX-No.142/
430,8,2018,http://kenyalaw.org/kenya_gazette/gazette/year/2018,http://kenyalaw.org/kenya_gazette/gazette/volume/MTg2Mw--/Vol.CXX-No.139/
431,8,2018,http://kenyalaw.org/kenya_gazette/gazette/year/2018,http://kenyalaw.org/kenya_gazette/gazette/volume/MTg1OQ--/Vol.CXX-No.137/
432,8,2018,http://kenyalaw.org/kenya_gazette/gazette/year/2018,http://kenyalaw.org/kenya_gazette/gazette/volume/MTg1OA--/Vol.CXX-No.134/
433,8,2018,http://kenyalaw.org/kenya_gazette/gazette/year/2018,http://kenyalaw.org/kenya_gazette/gazette/volume/MTg1NQ--/Vol.CXX-No.130/
434,8,2018,http://kenyalaw.org/kenya_gazette/gazette/year/2018,http://kenyalaw.org/kenya_gazette/gazette/volume/MTg1Mg--/Vol.CXX-No.125/
435,8,2018,http://kenyalaw.org/kenya_gazette/gazette/year/2018,http://kenyalaw.org/kenya_gazette/gazette/volume/MTg0OQ--/Vol.CXX-No.123/
436,8,2018,http://kenyalaw.org/kenya_gazette/gazette/year/2018,http://kenyalaw.org/kenya_gazette/gazette/volume/MTg0OA--/Vol.CXX-No.121/
437,8,2018,http://kenyalaw.org/kenya_gazette/gazette/year/2018,http://kenyalaw.org/kenya_gazette/gazette/volume/MTg0Ng--/Vol.CXX-No.120/
438,8,2018,http://kenyalaw.org/kenya_gazette/gazette/year/2018,http://kenyalaw.org/kenya_gazette/gazette/volume/MTg0Mw--/Vol.CXX-No.116/
439,8,2018,http://kenyalaw.org/kenya_gazette/gazette/year/2018,http://kenyalaw.org/kenya_gazette/gazette/volume/MTgzMg--/Vol.CXX-No.113/
440,8,2018,http://kenyalaw.org/kenya_gazette/gazette/year/2018,http://kenyalaw.org/kenya_gazette/gazette/volume/MTgxOA--/Vol.CXX-No.108/
441,8,2018,http://kenyalaw.org/kenya_gazette/gazette/year/2018,http://kenyalaw.org/kenya_gazette/gazette/volume/MTgyOQ--/Vol.CXX-No.105/
442,8,2018,http://kenyalaw.org/kenya_gazette/gazette/year/2018,http://kenyalaw.org/kenya_gazette/gazette/volume/MTgyOA--/Vol.CXX-No.102/
443,8,2018,http://kenyalaw.org/kenya_gazette/gazette/year/2018,http://kenyalaw.org/kenya_gazette/gazette/volume/MTgyNA--/Vol.CXX-No.99/
444,8,2018,http://kenyalaw.org/kenya_gazette/gazette/year/2018,http://kenyalaw.org/kenya_gazette/gazette/volume/MTgxOQ--/Vol.CXX-No.95/
445,8,2018,http://kenyalaw.org/kenya_gazette/gazette/year/2018,http://kenyalaw.org/kenya_gazette/gazette/volume/MTgxNw--/Vol.CXX-No.90/
446,8,2018,http://kenyalaw.org/kenya_gazette/gazette/year/2018,http://kenyalaw.org/kenya_gazette/gazette/volume/MTgxNQ--/Vol.CXX-No.87/
447,8,2018,http://kenyalaw.org/kenya_gazette/gazette/year/2018,http://kenyalaw.org/kenya_gazette/gazette/volume/MTgxMg--/Vol.CXX-No.85/
448,8,2018,http://kenyalaw.org/kenya_gazette/gazette/year/2018,http://kenyalaw.org/kenya_gazette/gazette/volume/MTgxMQ--/Vol.CXX-No.81/
449,8,2018,http://kenyalaw.org/kenya_gazette/gazette/year/2018,http://kenyalaw.org/kenya_gazette/gazette/volume/MTgwOQ--/Vol.CXX-No.78/
450,8,2018,http://kenyalaw.org/kenya_gazette/gazette/year/2018,http://kenyalaw.org/kenya_gazette/gazette/volume/MTgwOA--/Vol.CXX-No.76/
451,8,2018,http://kenyalaw.org/kenya_gazette/gazette/year/2018,http://kenyalaw.org/kenya_gazette/gazette/volume/MTgwMg--/Vol.CXX-No.74/
452,8,2018,http://kenyalaw.org/kenya_gazette/gazette/year/2018,http://kenyalaw.org/kenya_gazette/gazette/volume/MTc1MQ--/Vol.CXX-No.72/
453,8,2018,http://kenyalaw.org/kenya_gazette/gazette/year/2018,http://kenyalaw.org/kenya_gazette/gazette/volume/MTgwMw--/Vol.CXX-No.69/
454,8,2018,http://kenyalaw.org/kenya_gazette/gazette/year/2018,http://kenyalaw.org/kenya_gazette/gazette/volume/MTcxMA--/Vol.CXX-No.64/
455,8,2018,http://kenyalaw.org/kenya_gazette/gazette/year/2018,http://kenyalaw.org/kenya_gazette/gazette/volume/MTcwOQ--/Vol.CXX-No.60/
456,8,2018,http://kenyalaw.org/kenya_gazette/gazette/year/2018,http://kenyalaw.org/kenya_gazette/gazette/volume/MTcwNw--/Vol.CXX-No.58/
457,8,2018,http://kenyalaw.org/kenya_gazette/gazette/year/2018,http://kenyalaw.org/kenya_gazette/gazette/volume/MTcwNg--/Vol.CXX-No.56/
458,8,2018,http://kenyalaw.org/kenya_gazette/gazette/year/2018,http://kenyalaw.org/kenya_gazette/gazette/volume/MTcwMQ--/Vol.CXX-No.52/
459,8,2018,http://kenyalaw.org/kenya_gazette/gazette/year/2018,http://kenyalaw.org/kenya_gazette/gazette/volume/MTY5NQ--/Vol.CXX-No.50/
460,8,2018,http://kenyalaw.org/kenya_gazette/gazette/year/2018,http://kenyalaw.org/kenya_gazette/gazette/volume/MTY5NA--/Vol.CXX-No.47/
461,8,2018,http://kenyalaw.org/kenya_gazette/gazette/year/2018,http://kenyalaw.org/kenya_gazette/gazette/volume/MTY5Mw--/Vol.CXX- No.45/
462,8,2018,http://kenyalaw.org/kenya_gazette/gazette/year/2018,http://kenyalaw.org/kenya_gazette/gazette/volume/MTY4OQ--/Vol.CXX-No.42/
463,8,2018,http://kenyalaw.org/kenya_gazette/gazette/year/2018,http://kenyalaw.org/kenya_gazette/gazette/volume/MTY5Nw--/Vol.CXX-No.39/
464,8,2018,http://kenyalaw.org/kenya_gazette/gazette/year/2018,http://kenyalaw.org/kenya_gazette/gazette/volume/MTY4Nw--/Vol.CXX-No.40/
465,8,2018,http://kenyalaw.org/kenya_gazette/gazette/year/2018,http://kenyalaw.org/kenya_gazette/gazette/volume/MTY4NA--/Vol.CXX-No.37/
466,8,2018,http://kenyalaw.org/kenya_gazette/gazette/year/2018,http://kenyalaw.org/kenya_gazette/gazette/volume/MTY4Mw--/Vol.CXX-No.35/
467,8,2018,http://kenyalaw.org/kenya_gazette/gazette/year/2018,http://kenyalaw.org/kenya_gazette/gazette/volume/MTY4MQ--/Vol.CXX-No.33/
468,8,2018,http://kenyalaw.org/kenya_gazette/gazette/year/2018,http://kenyalaw.org/kenya_gazette/gazette/volume/MTY3MQ--/Vol.CXX- No.29/
469,8,2018,http://kenyalaw.org/kenya_gazette/gazette/year/2018,http://kenyalaw.org/kenya_gazette/gazette/volume/MTY2MQ--/Vol.CXX-No.23/
470,8,2018,http://kenyalaw.org/kenya_gazette/gazette/year/2018,http://kenyalaw.org/kenya_gazette/gazette/volume/MTY0NQ--/Vol.CXX-No.19/
471,8,2018,http://kenyalaw.org/kenya_gazette/gazette/year/2018,http://kenyalaw.org/kenya_gazette/gazette/volume/MTYzNg--/Vol.CXX-No.16/
472,8,2018,http://kenyalaw.org/kenya_gazette/gazette/year/2018,http://kenyalaw.org/kenya_gazette/gazette/volume/MTYzNA--/Vol.CXX-No.14/
473,8,2018,http://kenyalaw.org/kenya_gazette/gazette/year/2018,http://kenyalaw.org/kenya_gazette/gazette/volume/MTYzNQ--/Vol.CXX-No.11/
474,8,2018,http://kenyalaw.org/kenya_gazette/gazette/year/2018,http://kenyalaw.org/kenya_gazette/gazette/volume/MTYzMg--/Vol.CXX-No.8/
475,8,2018,http://kenyalaw.org/kenya_gazette/gazette/year/2018,http://kenyalaw.org/kenya_gazette/gazette/volume/MTYyNw--/Vol.CXX-No.4/
476,8,2018,http://kenyalaw.org/kenya_gazette/gazette/year/2018,http://kenyalaw.org/kenya_gazette/gazette/volume/MTYyNg--/Vol.CXX-No.2/
477,9,2019,http://kenyalaw.org/kenya_gazette/gazette/year/2019,http://kenyalaw.org/kenya_gazette/gazette/volume/MjA1Ng--/Vol.CXXI-No.176/
478,9,2019,http://kenyalaw.org/kenya_gazette/gazette/year/2019,http://kenyalaw.org/kenya_gazette/gazette/volume/MjA1NQ--/Vol.CXXI-No.174/
479,9,2019,http://kenyalaw.org/kenya_gazette/gazette/year/2019,http://kenyalaw.org/kenya_gazette/gazette/volume/MjA1NA--/Vol.CXXI-No.171/
480,9,2019,http://kenyalaw.org/kenya_gazette/gazette/year/2019,http://kenyalaw.org/kenya_gazette/gazette/volume/MjA1MQ--/Vol.CXXI-No.167/
481,9,2019,http://kenyalaw.org/kenya_gazette/gazette/year/2019,http://kenyalaw.org/kenya_gazette/gazette/volume/MjA1MA--/Vol.CXXI-No.163/
482,9,2019,http://kenyalaw.org/kenya_gazette/gazette/year/2019,http://kenyalaw.org/kenya_gazette/gazette/volume/MjA0OA--/Vol.CXXI-No.159/
483,9,2019,http://kenyalaw.org/kenya_gazette/gazette/year/2019,http://kenyalaw.org/kenya_gazette/gazette/volume/MjA0Ng--/Vol.CXXI-No.156/
484,9,2019,http://kenyalaw.org/kenya_gazette/gazette/year/2019,http://kenyalaw.org/kenya_gazette/gazette/volume/MjA0NQ--/Vol.CXXI-No.152/
485,9,2019,http://kenyalaw.org/kenya_gazette/gazette/year/2019,http://kenyalaw.org/kenya_gazette/gazette/volume/MjAyOA--/Vol.CXXI-No.150/
486,9,2019,http://kenyalaw.org/kenya_gazette/gazette/year/2019,http://kenyalaw.org/kenya_gazette/gazette/volume/MjAyNw--/Vol.CXXI-No.145/
487,9,2019,http://kenyalaw.org/kenya_gazette/gazette/year/2019,http://kenyalaw.org/kenya_gazette/gazette/volume/MjAyMw--/Vol.CXXI-No.140/
488,9,2019,http://kenyalaw.org/kenya_gazette/gazette/year/2019,http://kenyalaw.org/kenya_gazette/gazette/volume/MjAyMg--/Vol.CXXI-No.134/
489,9,2019,http://kenyalaw.org/kenya_gazette/gazette/year/2019,http://kenyalaw.org/kenya_gazette/gazette/volume/MjAyMA--/Vol.CXXI-No.132/
490,9,2019,http://kenyalaw.org/kenya_gazette/gazette/year/2019,http://kenyalaw.org/kenya_gazette/gazette/volume/MjAxOA--/Vol.CXXI-No.126/
491,9,2019,http://kenyalaw.org/kenya_gazette/gazette/year/2019,http://kenyalaw.org/kenya_gazette/gazette/volume/MjAxNg--/Vol.CXXI-No.125/
492,9,2019,http://kenyalaw.org/kenya_gazette/gazette/year/2019,http://kenyalaw.org/kenya_gazette/gazette/volume/MjAxNQ--/Vol.CXXI-No.122/
493,9,2019,http://kenyalaw.org/kenya_gazette/gazette/year/2019,http://kenyalaw.org/kenya_gazette/gazette/volume/MTk5NA--/Vol.CXXI-No.118/
494,9,2019,http://kenyalaw.org/kenya_gazette/gazette/year/2019,http://kenyalaw.org/kenya_gazette/gazette/volume/MTk5Mg--/Vol.CXXI-No.113/
495,9,2019,http://kenyalaw.org/kenya_gazette/gazette/year/2019,http://kenyalaw.org/kenya_gazette/gazette/volume/MTk5MA--/Vol.CXXI-No.110/
496,9,2019,http://kenyalaw.org/kenya_gazette/gazette/year/2019,http://kenyalaw.org/kenya_gazette/gazette/volume/MTk4OQ--/Vol.CXXI-No.105/
497,9,2019,http://kenyalaw.org/kenya_gazette/gazette/year/2019,http://kenyalaw.org/kenya_gazette/gazette/volume/MTk4Nw--/Vol.CXXI-No.99/
498,9,2019,http://kenyalaw.org/kenya_gazette/gazette/year/2019,http://kenyalaw.org/kenya_gazette/gazette/volume/MTk4NQ--/Vol.CXXI-No.95/
499,9,2019,http://kenyalaw.org/kenya_gazette/gazette/year/2019,http://kenyalaw.org/kenya_gazette/gazette/volume/MTk4NA--/Vol.CXXI-No.93/
500,9,2019,http://kenyalaw.org/kenya_gazette/gazette/year/2019,http://kenyalaw.org/kenya_gazette/gazette/volume/MTk4Mg--/Vol.CXXI-No.90/
501,9,2019,http://kenyalaw.org/kenya_gazette/gazette/year/2019,http://kenyalaw.org/kenya_gazette/gazette/volume/MTk4MQ--/Vol.CXXI-No.88/
502,9,2019,http://kenyalaw.org/kenya_gazette/gazette/year/2019,http://kenyalaw.org/kenya_gazette/gazette/volume/MTk4MA--/Vol.CXXI-No.85./
503,9,2019,http://kenyalaw.org/kenya_gazette/gazette/year/2019,http://kenyalaw.org/kenya_gazette/gazette/volume/MTk3OA--/Vol.CXXI-No.82/
504,9,2019,http://kenyalaw.org/kenya_gazette/gazette/year/2019,http://kenyalaw.org/kenya_gazette/gazette/volume/MTk2NQ--/Vol.CXXI-No.79/
505,9,2019,http://kenyalaw.org/kenya_gazette/gazette/year/2019,http://kenyalaw.org/kenya_gazette/gazette/volume/MTk2NA--/Vol.CXXI-No.77/
506,9,2019,http://kenyalaw.org/kenya_gazette/gazette/year/2019,http://kenyalaw.org/kenya_gazette/gazette/volume/MTk2Mw--/Vol.CXXI-No.73/
507,9,2019,http://kenyalaw.org/kenya_gazette/gazette/year/2019,http://kenyalaw.org/kenya_gazette/gazette/volume/MTk1OA--/Vol.CXXI-No.68/
508,9,2019,http://kenyalaw.org/kenya_gazette/gazette/year/2019,http://kenyalaw.org/kenya_gazette/gazette/volume/MTk1Nw--/Vol.CXXI-No.66/
509,9,2019,http://kenyalaw.org/kenya_gazette/gazette/year/2019,http://kenyalaw.org/kenya_gazette/gazette/volume/MTk1NQ--/Vol.CXXI-No.64/
510,9,2019,http://kenyalaw.org/kenya_gazette/gazette/year/2019,http://kenyalaw.org/kenya_gazette/gazette/volume/MTk1Mg--/Vol.CXXI-No.59/
511,9,2019,http://kenyalaw.org/kenya_gazette/gazette/year/2019,http://kenyalaw.org/kenya_gazette/gazette/volume/MTk1MQ--/Vol.CXXI-No.54/
512,9,2019,http://kenyalaw.org/kenya_gazette/gazette/year/2019,http://kenyalaw.org/kenya_gazette/gazette/volume/MTk1MA--/Vol.CXXI-No.50/
513,9,2019,http://kenyalaw.org/kenya_gazette/gazette/year/2019,http://kenyalaw.org/kenya_gazette/gazette/volume/MTkzNw--/Vol.CXXI-No.47/
514,9,2019,http://kenyalaw.org/kenya_gazette/gazette/year/2019,http://kenyalaw.org/kenya_gazette/gazette/volume/MTkzNQ--/Vol.CXXI-No.45/
515,9,2019,http://kenyalaw.org/kenya_gazette/gazette/year/2019,http://kenyalaw.org/kenya_gazette/gazette/volume/MTkzMw--/Vol.CXXI-No.39/
516,9,2019,http://kenyalaw.org/kenya_gazette/gazette/year/2019,http://kenyalaw.org/kenya_gazette/gazette/volume/MTkzMA--/Vol.CXXI-No.37/
517,9,2019,http://kenyalaw.org/kenya_gazette/gazette/year/2019,http://kenyalaw.org/kenya_gazette/gazette/volume/MTkyOA--/Vol.CXXI-No.34/
518,9,2019,http://kenyalaw.org/kenya_gazette/gazette/year/2019,http://kenyalaw.org/kenya_gazette/gazette/volume/MTkyNw--/Vol.CXXI-No.32/
519,9,2019,http://kenyalaw.org/kenya_gazette/gazette/year/2019,http://kenyalaw.org/kenya_gazette/gazette/volume/MTkyNQ--/Vol.CXXI-No.29/
520,9,2019,http://kenyalaw.org/kenya_gazette/gazette/year/2019,http://kenyalaw.org/kenya_gazette/gazette/volume/MTkyNA--/Vol.CXXI-No.27/
521,9,2019,http://kenyalaw.org/kenya_gazette/gazette/year/2019,http://kenyalaw.org/kenya_gazette/gazette/volume/MTkyMg--/Vol.CXXI-No.22/
522,9,2019,http://kenyalaw.org/kenya_gazette/gazette/year/2019,http://kenyalaw.org/kenya_gazette/gazette/volume/MTkxOQ--/Vol.CXXI-No.20/
523,9,2019,http://kenyalaw.org/kenya_gazette/gazette/year/2019,http://kenyalaw.org/kenya_gazette/gazette/volume/MTkxNw--/Vol.CXXI-No.16/
524,9,2019,http://kenyalaw.org/kenya_gazette/gazette/year/2019,http://kenyalaw.org/kenya_gazette/gazette/volume/MTkxNQ--/Vol.CXXI-No.14/
525,9,2019,http://kenyalaw.org/kenya_gazette/gazette/year/2019,http://kenyalaw.org/kenya_gazette/gazette/volume/MTkxMA--/Vol.CXXI-No.12/
526,9,2019,http://kenyalaw.org/kenya_gazette/gazette/year/2019,http://kenyalaw.org/kenya_gazette/gazette/volume/MTkwOA--/Vol.CXXI-No.9/
527,9,2019,http://kenyalaw.org/kenya_gazette/gazette/year/2019,http://kenyalaw.org/kenya_gazette/gazette/volume/MTkwNw--/Vol.CXXI-No.4/
528,9,2019,http://kenyalaw.org/kenya_gazette/gazette/year/2019,http://kenyalaw.org/kenya_gazette/gazette/volume/MTkwNQ--/Vol.CXXI-No.2/
529,10,2020,http://kenyalaw.org/kenya_gazette/gazette/year/2020,http://kenyalaw.org/kenya_gazette/gazette/volume/MjI2Ng--/Vol.CXXII-No.240/
530,10,2020,http://kenyalaw.org/kenya_gazette/gazette/year/2020,http://kenyalaw.org/kenya_gazette/gazette/volume/MjI2NQ--/Vol.CXXII-No.235/
531,10,2020,http://kenyalaw.org/kenya_gazette/gazette/year/2020,http://kenyalaw.org/kenya_gazette/gazette/volume/MjI2Mg--/Vol.CXXII-No 226/
532,10,2020,http://kenyalaw.org/kenya_gazette/gazette/year/2020,http://kenyalaw.org/kenya_gazette/gazette/volume/MjI2MA--/Vol.CXXII-No.219/
533,10,2020,http://kenyalaw.org/kenya_gazette/gazette/year/2020,http://kenyalaw.org/kenya_gazette/gazette/volume/MjI1OA--/Vol.CXXII-No.215/
534,10,2020,http://kenyalaw.org/kenya_gazette/gazette/year/2020,http://kenyalaw.org/kenya_gazette/gazette/volume/MjIzMg--/Vol.CXXII-No.207/
535,10,2020,http://kenyalaw.org/kenya_gazette/gazette/year/2020,http://kenyalaw.org/kenya_gazette/gazette/volume/MjIzMQ--/Vol.CXXII-No.204/
536,10,2020,http://kenyalaw.org/kenya_gazette/gazette/year/2020,http://kenyalaw.org/kenya_gazette/gazette/volume/MjIzMA--/Vol.CXXII-No.199/
537,10,2020,http://kenyalaw.org/kenya_gazette/gazette/year/2020,http://kenyalaw.org/kenya_gazette/gazette/volume/MjIyOA--/Vol.CXXII-No.197/
538,10,2020,http://kenyalaw.org/kenya_gazette/gazette/year/2020,http://kenyalaw.org/kenya_gazette/gazette/volume/MjIyNw--/Vol.CXXII-No.195/
539,10,2020,http://kenyalaw.org/kenya_gazette/gazette/year/2020,http://kenyalaw.org/kenya_gazette/gazette/volume/MjIyNQ--/Vol.CXXII-No.192/
540,10,2020,http://kenyalaw.org/kenya_gazette/gazette/year/2020,http://kenyalaw.org/kenya_gazette/gazette/volume/MjIyNA--/Vol.CXXII-No.187/
541,10,2020,http://kenyalaw.org/kenya_gazette/gazette/year/2020,http://kenyalaw.org/kenya_gazette/gazette/volume/MjIyMg--/Vol.CXXII-No.182/
542,10,2020,http://kenyalaw.org/kenya_gazette/gazette/year/2020,http://kenyalaw.org/kenya_gazette/gazette/volume/MjIyMQ--/Vol.CXXII-No.177/
543,10,2020,http://kenyalaw.org/kenya_gazette/gazette/year/2020,http://kenyalaw.org/kenya_gazette/gazette/volume/MjIxOQ--/Vol.CXXII-No.174/
544,10,2020,http://kenyalaw.org/kenya_gazette/gazette/year/2020,http://kenyalaw.org/kenya_gazette/gazette/volume/MjIxNw--/Vol.CXXII-No.169/
545,10,2020,http://kenyalaw.org/kenya_gazette/gazette/year/2020,http://kenyalaw.org/kenya_gazette/gazette/volume/MjIxNQ--/Vol.CXXII-No.167/
546,10,2020,http://kenyalaw.org/kenya_gazette/gazette/year/2020,http://kenyalaw.org/kenya_gazette/gazette/volume/MjIxMw--/Vol.CXXII-No.162/
547,10,2020,http://kenyalaw.org/kenya_gazette/gazette/year/2020,http://kenyalaw.org/kenya_gazette/gazette/volume/MjIwMA--/Vol.CXXII-No.159/
548,10,2020,http://kenyalaw.org/kenya_gazette/gazette/year/2020,http://kenyalaw.org/kenya_gazette/gazette/volume/MjE5OQ--/Vol.CXXII-No.155/
549,10,2020,http://kenyalaw.org/kenya_gazette/gazette/year/2020,http://kenyalaw.org/kenya_gazette/gazette/volume/MjE5OA--/Vol.CXXII-No.154/
550,10,2020,http://kenyalaw.org/kenya_gazette/gazette/year/2020,http://kenyalaw.org/kenya_gazette/gazette/volume/MjE5Nw--/Vol.CXXII-No.150/
551,10,2020,http://kenyalaw.org/kenya_gazette/gazette/year/2020,http://kenyalaw.org/kenya_gazette/gazette/volume/MjE5NA--/Vol.CXXII-No.147/
552,10,2020,http://kenyalaw.org/kenya_gazette/gazette/year/2020,http://kenyalaw.org/kenya_gazette/gazette/volume/MjE5Mg--/Vol.CXXII-No.142/
553,10,2020,http://kenyalaw.org/kenya_gazette/gazette/year/2020,http://kenyalaw.org/kenya_gazette/gazette/volume/MjE5MA--/Vol.CXXII-No.140/
554,10,2020,http://kenyalaw.org/kenya_gazette/gazette/year/2020,http://kenyalaw.org/kenya_gazette/gazette/volume/MjE4OA--/Vol.CXXII-No.133/
555,10,2020,http://kenyalaw.org/kenya_gazette/gazette/year/2020,http://kenyalaw.org/kenya_gazette/gazette/volume/MjE4Ng--/Vol.CXXII-No.126/
556,10,2020,http://kenyalaw.org/kenya_gazette/gazette/year/2020,http://kenyalaw.org/kenya_gazette/gazette/volume/MjE1Mg--/Vol.CXXII-No.122/
557,10,2020,http://kenyalaw.org/kenya_gazette/gazette/year/2020,http://kenyalaw.org/kenya_gazette/gazette/volume/MjE1MA--/Vol.CXXII-No.118/
558,10,2020,http://kenyalaw.org/kenya_gazette/gazette/year/2020,http://kenyalaw.org/kenya_gazette/gazette/volume/MjE0Nw--/Vol.CXXII-No.109/
559,10,2020,http://kenyalaw.org/kenya_gazette/gazette/year/2020,http://kenyalaw.org/kenya_gazette/gazette/volume/MjE0NQ--/Vol.CXXII-No.103/
560,10,2020,http://kenyalaw.org/kenya_gazette/gazette/year/2020,http://kenyalaw.org/kenya_gazette/gazette/volume/MjE0Mw--/Vol.CXXII-No.97/
561,10,2020,http://kenyalaw.org/kenya_gazette/gazette/year/2020,http://kenyalaw.org/kenya_gazette/gazette/volume/MjE0MQ--/Vol.CXXII-No.94/
562,10,2020,http://kenyalaw.org/kenya_gazette/gazette/year/2020,http://kenyalaw.org/kenya_gazette/gazette/volume/MjE0MA--/Vol.CXXII-No.87/
563,10,2020,http://kenyalaw.org/kenya_gazette/gazette/year/2020,http://kenyalaw.org/kenya_gazette/gazette/volume/MjEzOA--/Vol.CXXII-No.83/
564,10,2020,http://kenyalaw.org/kenya_gazette/gazette/year/2020,http://kenyalaw.org/kenya_gazette/gazette/volume/MjEzNQ--/Vol.CXXII-No.78/
565,10,2020,http://kenyalaw.org/kenya_gazette/gazette/year/2020,http://kenyalaw.org/kenya_gazette/gazette/volume/MjEzMw--/Vol.CXXII-No.75/
566,10,2020,http://kenyalaw.org/kenya_gazette/gazette/year/2020,http://kenyalaw.org/kenya_gazette/gazette/volume/MjExOA--/Vol.CXXII-No.67/
567,10,2020,http://kenyalaw.org/kenya_gazette/gazette/year/2020,http://kenyalaw.org/kenya_gazette/gazette/volume/MjExNQ--/Vol.CXXII-No.64/
568,10,2020,http://kenyalaw.org/kenya_gazette/gazette/year/2020,http://kenyalaw.org/kenya_gazette/gazette/volume/MjExMw--/Vol.CXXII-No.58/
569,10,2020,http://kenyalaw.org/kenya_gazette/gazette/year/2020,http://kenyalaw.org/kenya_gazette/gazette/volume/MjExMg--/Vol.CXXII-No.54/
570,10,2020,http://kenyalaw.org/kenya_gazette/gazette/year/2020,http://kenyalaw.org/kenya_gazette/gazette/volume/MjExMQ--/Vol.CXXII-No.50/
571,10,2020,http://kenyalaw.org/kenya_gazette/gazette/year/2020,http://kenyalaw.org/kenya_gazette/gazette/volume/MjExMA--/Vol.CXXII-No.49/
572,10,2020,http://kenyalaw.org/kenya_gazette/gazette/year/2020,http://kenyalaw.org/kenya_gazette/gazette/volume/MjEwOQ--/Vol.CXXII-No.42/
573,10,2020,http://kenyalaw.org/kenya_gazette/gazette/year/2020,http://kenyalaw.org/kenya_gazette/gazette/volume/MjA4NA--/Vol.CXXII-No.40/
574,10,2020,http://kenyalaw.org/kenya_gazette/gazette/year/2020,http://kenyalaw.org/kenya_gazette/gazette/volume/MjA4MQ--/Vol.CXXII-No.34/
575,10,2020,http://kenyalaw.org/kenya_gazette/gazette/year/2020,http://kenyalaw.org/kenya_gazette/gazette/volume/MjA3OQ--/Vol.CXXII-No.30/
576,10,2020,http://kenyalaw.org/kenya_gazette/gazette/year/2020,http://kenyalaw.org/kenya_gazette/gazette/volume/MjA3Nw--/Vol.CXXII-No.26/
577,10,2020,http://kenyalaw.org/kenya_gazette/gazette/year/2020,http://kenyalaw.org/kenya_gazette/gazette/volume/MjA3Mw--/Vol.CXXII-No.21/
578,10,2020,http://kenyalaw.org/kenya_gazette/gazette/year/2020,http://kenyalaw.org/kenya_gazette/gazette/volume/MjA2NQ--/Vol.CXXII-No.16/
579,10,2020,http://kenyalaw.org/kenya_gazette/gazette/year/2020,http://kenyalaw.org/kenya_gazette/gazette/volume/MjA2Mg--/Vol.CXXII-No.9/
580,10,2020,http://kenyalaw.org/kenya_gazette/gazette/year/2020,http://kenyalaw.org/kenya_gazette/gazette/volume/MjA1OA--/Vol.CXXII-No.4/
581,10,2020,http://kenyalaw.org/kenya_gazette/gazette/year/2020,http://kenyalaw.org/kenya_gazette/gazette/volume/MjA1Nw--/Vol.CXXII-No.1/
